-- phpMyAdmin SQL Dump
-- version 5.2.0
-- https://www.phpmyadmin.net/
--
-- Host: 127.0.0.1
-- Generation Time: Jul 31, 2023 at 01:38 PM
-- Server version: 10.4.24-MariaDB
-- PHP Version: 8.1.6

SET SQL_MODE = "NO_AUTO_VALUE_ON_ZERO";
START TRANSACTION;
SET time_zone = "+00:00";


/*!40101 SET @OLD_CHARACTER_SET_CLIENT=@@CHARACTER_SET_CLIENT */;
/*!40101 SET @OLD_CHARACTER_SET_RESULTS=@@CHARACTER_SET_RESULTS */;
/*!40101 SET @OLD_COLLATION_CONNECTION=@@COLLATION_CONNECTION */;
/*!40101 SET NAMES utf8mb4 */;

--
-- Database: `kiosk`
--

-- --------------------------------------------------------

--
-- Table structure for table `courses`
--

CREATE TABLE `courses` (
  `id` bigint(20) UNSIGNED NOT NULL,
  `name` varchar(255) COLLATE utf8mb4_unicode_ci NOT NULL,
  `created_at` timestamp NULL DEFAULT NULL,
  `updated_at` timestamp NULL DEFAULT NULL
) ENGINE=InnoDB DEFAULT CHARSET=utf8mb4 COLLATE=utf8mb4_unicode_ci;

--
-- Dumping data for table `courses`
--

INSERT INTO `courses` (`id`, `name`, `created_at`, `updated_at`) VALUES
(1, 'BSCS', NULL, NULL),
(2, 'BSAIS', NULL, NULL),
(3, 'BS Entrep', NULL, NULL),
(4, 'ACT', NULL, NULL),
(5, 'HUMSS', NULL, NULL),
(6, 'GAS', NULL, NULL),
(7, 'ABM', NULL, NULL),
(8, 'STEM', NULL, NULL),
(9, 'CSS', NULL, NULL),
(10, 'Programming', NULL, NULL);

-- --------------------------------------------------------

--
-- Table structure for table `failed_jobs`
--

CREATE TABLE `failed_jobs` (
  `id` bigint(20) UNSIGNED NOT NULL,
  `uuid` varchar(255) COLLATE utf8mb4_unicode_ci NOT NULL,
  `connection` text COLLATE utf8mb4_unicode_ci NOT NULL,
  `queue` text COLLATE utf8mb4_unicode_ci NOT NULL,
  `payload` longtext COLLATE utf8mb4_unicode_ci NOT NULL,
  `exception` longtext COLLATE utf8mb4_unicode_ci NOT NULL,
  `failed_at` timestamp NOT NULL DEFAULT current_timestamp()
) ENGINE=InnoDB DEFAULT CHARSET=utf8mb4 COLLATE=utf8mb4_unicode_ci;

-- --------------------------------------------------------

--
-- Table structure for table `fill_ups`
--

CREATE TABLE `fill_ups` (
  `id` bigint(20) UNSIGNED NOT NULL,
  `user_id` smallint(5) UNSIGNED NOT NULL,
  `course_id` smallint(5) UNSIGNED NOT NULL,
  `yearlevel_id` smallint(5) UNSIGNED NOT NULL,
  `semester_id` smallint(5) UNSIGNED NOT NULL,
  `student_number` bigint(20) DEFAULT NULL,
  `student_class` varchar(255) COLLATE utf8mb4_unicode_ci DEFAULT NULL,
  `school_year_start` int(11) NOT NULL,
  `school_year_end` int(11) NOT NULL,
  `first_name` varchar(255) COLLATE utf8mb4_unicode_ci NOT NULL,
  `last_name` varchar(255) COLLATE utf8mb4_unicode_ci NOT NULL,
  `middle_name` varchar(255) COLLATE utf8mb4_unicode_ci DEFAULT NULL,
  `address` varchar(255) COLLATE utf8mb4_unicode_ci NOT NULL,
  `guardian` varchar(255) COLLATE utf8mb4_unicode_ci NOT NULL,
  `contact_number` varchar(255) COLLATE utf8mb4_unicode_ci NOT NULL,
  `birthdate` varchar(255) COLLATE utf8mb4_unicode_ci NOT NULL,
  `birthplace` varchar(255) COLLATE utf8mb4_unicode_ci NOT NULL,
  `sex` varchar(255) COLLATE utf8mb4_unicode_ci DEFAULT NULL,
  `fullname` varchar(255) COLLATE utf8mb4_unicode_ci NOT NULL,
  `age` varchar(255) COLLATE utf8mb4_unicode_ci NOT NULL,
  `status` varchar(255) COLLATE utf8mb4_unicode_ci NOT NULL,
  `height` varchar(255) COLLATE utf8mb4_unicode_ci NOT NULL,
  `weight` varchar(255) COLLATE utf8mb4_unicode_ci NOT NULL,
  `citizen` varchar(255) COLLATE utf8mb4_unicode_ci NOT NULL,
  `father` varchar(255) COLLATE utf8mb4_unicode_ci NOT NULL,
  `father_occupation` varchar(255) COLLATE utf8mb4_unicode_ci NOT NULL,
  `father_age` int(11) NOT NULL,
  `mother` varchar(255) COLLATE utf8mb4_unicode_ci NOT NULL,
  `mother_occupation` varchar(255) COLLATE utf8mb4_unicode_ci NOT NULL,
  `mother_age` int(11) NOT NULL,
  `provincial_address` varchar(255) COLLATE utf8mb4_unicode_ci NOT NULL,
  `city_address` varchar(255) COLLATE utf8mb4_unicode_ci NOT NULL,
  `parent_contact` varchar(255) COLLATE utf8mb4_unicode_ci NOT NULL,
  `guardian_address` varchar(255) COLLATE utf8mb4_unicode_ci NOT NULL,
  `guardian_contact` varchar(255) COLLATE utf8mb4_unicode_ci NOT NULL,
  `personToContact` varchar(255) COLLATE utf8mb4_unicode_ci NOT NULL,
  `emergency_address` varchar(255) COLLATE utf8mb4_unicode_ci NOT NULL,
  `emergency_contact` varchar(255) COLLATE utf8mb4_unicode_ci NOT NULL,
  `created_at` timestamp NULL DEFAULT NULL,
  `updated_at` timestamp NULL DEFAULT NULL
) ENGINE=InnoDB DEFAULT CHARSET=utf8mb4 COLLATE=utf8mb4_unicode_ci;

--
-- Dumping data for table `fill_ups`
--

INSERT INTO `fill_ups` (`id`, `user_id`, `course_id`, `yearlevel_id`, `semester_id`, `student_number`, `student_class`, `school_year_start`, `school_year_end`, `first_name`, `last_name`, `middle_name`, `address`, `guardian`, `contact_number`, `birthdate`, `birthplace`, `sex`, `fullname`, `age`, `status`, `height`, `weight`, `citizen`, `father`, `father_occupation`, `father_age`, `mother`, `mother_occupation`, `mother_age`, `provincial_address`, `city_address`, `parent_contact`, `guardian_address`, `guardian_contact`, `personToContact`, `emergency_address`, `emergency_contact`, `created_at`, `updated_at`) VALUES
(2, 39, 1, 1, 1, NULL, NULL, 789, 68, 'jeff', 'fgdr', 'fdgdtgd', 'dgdr', 'rter', '78687', 'ses', 'sdfse', NULL, 'jeff fdgdtgd fgdr', '869', 'fghf', 'xgfds', 'gvhf', 'sf', 'sfes', 'sfse', 6786, 'adfas', 'afa', 76, 'gdfd', 'cbgdf', '6779789', 'dfgd', '678', 'fgdrg', 'drgert', '76886', '2023-06-14 02:44:19', '2023-06-14 02:44:19'),
(3, 42, 1, 1, 1, NULL, 'new', 496, 76, 'raol', 'panga', 'gytytr', 'dyeryer', 'dgytytr', '4659+8', 'fytryr', 'ffufu', 'male', 'raol gytytr panga', '546', 'utu', '46', '45648', 'ddtyer', 'ftytr', 'yuryu', 678, 'dgrer', 'dfdty', 786, 'rter', 'rert', '7678', 'fghdthy', '78687', 'eryey', 'reyey', '869+', '2023-07-03 18:49:05', '2023-07-03 18:58:59');

-- --------------------------------------------------------

--
-- Table structure for table `migrations`
--

CREATE TABLE `migrations` (
  `id` int(10) UNSIGNED NOT NULL,
  `migration` varchar(255) COLLATE utf8mb4_unicode_ci NOT NULL,
  `batch` int(11) NOT NULL
) ENGINE=InnoDB DEFAULT CHARSET=utf8mb4 COLLATE=utf8mb4_unicode_ci;

--
-- Dumping data for table `migrations`
--

INSERT INTO `migrations` (`id`, `migration`, `batch`) VALUES
(1, '2014_10_12_000000_create_users_table', 1),
(2, '2014_10_12_100000_create_password_reset_tokens_table', 1),
(3, '2019_08_19_000000_create_failed_jobs_table', 1),
(4, '2019_12_14_000001_create_personal_access_tokens_table', 1),
(5, '2023_04_22_140000_create_courses_table', 1),
(6, '2023_04_22_140552_create_yearlevels_table', 1),
(7, '2023_04_22_140747_create_semisters_table', 1),
(8, '2023_04_22_140832_create_subjects_table', 1),
(9, '2023_04_22_154943_create_users_table', 2),
(10, '2023_04_22_155021_create_users_table', 3),
(11, '2023_04_22_140747_create_semesters_table', 4),
(12, '2023_04_23_144319_create_subjects_table', 5),
(13, '2023_04_24_041331_create_subjects_table', 6),
(14, '2023_04_24_072955_create_subjects_table', 7),
(15, '2023_04_26_135908_create_users_table', 8),
(16, '2023_04_26_143404_create_users_table', 9),
(17, '2023_04_27_064737_create_student_subjects_table', 10),
(18, '2023_04_27_164720_create_student_subjects_table', 11),
(19, '2023_04_30_084925_create_fill_ups_table', 12),
(20, '2023_04_30_100534_create_fill_ups_table', 13),
(21, '2023_04_30_102456_create_fill_ups_table', 14),
(22, '2023_05_02_035112_create_usn_lists_table', 15),
(23, '2023_05_02_043256_create_usn_lists_table', 16),
(24, '2023_05_02_043807_create_usn_lists_table', 17),
(25, '2023_05_02_050422_create_usn_lists_table', 18),
(26, '2023_05_02_050614_create_usn_lists_table', 19),
(27, '2023_05_02_050714_create_usn_lists_table', 20),
(28, '2023_05_02_053113_create_usn_lists_table', 21),
(29, '2023_05_02_055740_create_usn_lists_table', 22),
(30, '2023_05_02_061018_create_users_table', 23),
(31, '2023_05_02_072720_create_users_table', 24),
(32, '2023_05_02_073505_create_fill_ups_table', 25),
(33, '2023_05_02_074406_create_users_table', 26),
(34, '2023_05_02_133618_create_usn_lists_table', 27),
(35, '2023_05_28_100006_create_fill_ups_table', 28),
(36, '2023_05_31_033059_create_users_table', 29),
(37, '2023_06_11_085623_add_birthday_to_users', 30),
(38, '2023_06_11_085921_add_middlename_to_users', 30),
(39, '2023_06_11_160901_create_newstudents_table', 30),
(40, '2023_06_12_041606_create_studentinfos_table', 30),
(41, '2023_06_13_024754_create_usn_lists_table', 31),
(42, '2023_06_14_014622_create_fill_ups_table', 31),
(43, '2023_06_14_023954_create_usn_lists_table', 32),
(44, '2023_06_14_035926_create_fill_ups_table', 33),
(45, '2023_06_14_050948_add_column_to_studentinfos', 34),
(46, '2023_06_14_070752_add_column_to_usn_lists', 35),
(47, '2023_06_14_080034_create_usn_lists_table', 36);

-- --------------------------------------------------------

--
-- Table structure for table `password_reset_tokens`
--

CREATE TABLE `password_reset_tokens` (
  `email` varchar(255) COLLATE utf8mb4_unicode_ci NOT NULL,
  `token` varchar(255) COLLATE utf8mb4_unicode_ci NOT NULL,
  `created_at` timestamp NULL DEFAULT NULL
) ENGINE=InnoDB DEFAULT CHARSET=utf8mb4 COLLATE=utf8mb4_unicode_ci;

-- --------------------------------------------------------

--
-- Table structure for table `personal_access_tokens`
--

CREATE TABLE `personal_access_tokens` (
  `id` bigint(20) UNSIGNED NOT NULL,
  `tokenable_type` varchar(255) COLLATE utf8mb4_unicode_ci NOT NULL,
  `tokenable_id` bigint(20) UNSIGNED NOT NULL,
  `name` varchar(255) COLLATE utf8mb4_unicode_ci NOT NULL,
  `token` varchar(64) COLLATE utf8mb4_unicode_ci NOT NULL,
  `abilities` text COLLATE utf8mb4_unicode_ci DEFAULT NULL,
  `last_used_at` timestamp NULL DEFAULT NULL,
  `expires_at` timestamp NULL DEFAULT NULL,
  `created_at` timestamp NULL DEFAULT NULL,
  `updated_at` timestamp NULL DEFAULT NULL
) ENGINE=InnoDB DEFAULT CHARSET=utf8mb4 COLLATE=utf8mb4_unicode_ci;

-- --------------------------------------------------------

--
-- Table structure for table `semesters`
--

CREATE TABLE `semesters` (
  `id` bigint(20) UNSIGNED NOT NULL,
  `sem` varchar(255) COLLATE utf8mb4_unicode_ci NOT NULL,
  `created_at` timestamp NULL DEFAULT NULL,
  `updated_at` timestamp NULL DEFAULT NULL
) ENGINE=InnoDB DEFAULT CHARSET=utf8mb4 COLLATE=utf8mb4_unicode_ci;

--
-- Dumping data for table `semesters`
--

INSERT INTO `semesters` (`id`, `sem`, `created_at`, `updated_at`) VALUES
(1, '1st', NULL, NULL),
(2, '2nd', NULL, NULL);

-- --------------------------------------------------------

--
-- Table structure for table `studentinfos`
--

CREATE TABLE `studentinfos` (
  `id` bigint(20) UNSIGNED NOT NULL,
  `birthday` varchar(255) COLLATE utf8mb4_unicode_ci DEFAULT NULL,
  `age` varchar(255) COLLATE utf8mb4_unicode_ci DEFAULT NULL,
  `address` varchar(255) COLLATE utf8mb4_unicode_ci DEFAULT NULL,
  `status` varchar(255) COLLATE utf8mb4_unicode_ci DEFAULT NULL,
  `sex` varchar(255) COLLATE utf8mb4_unicode_ci DEFAULT NULL,
  `middle_name` varchar(255) COLLATE utf8mb4_unicode_ci DEFAULT NULL,
  `usn` bigint(20) DEFAULT NULL,
  `first_name` varchar(255) COLLATE utf8mb4_unicode_ci NOT NULL,
  `last_name` varchar(255) COLLATE utf8mb4_unicode_ci NOT NULL,
  `created_at` timestamp NULL DEFAULT NULL,
  `updated_at` timestamp NULL DEFAULT NULL,
  `class` varchar(255) COLLATE utf8mb4_unicode_ci NOT NULL DEFAULT 'old',
  `last_school` varchar(255) COLLATE utf8mb4_unicode_ci DEFAULT NULL
) ENGINE=InnoDB DEFAULT CHARSET=utf8mb4 COLLATE=utf8mb4_unicode_ci;

--
-- Dumping data for table `studentinfos`
--

INSERT INTO `studentinfos` (`id`, `birthday`, `age`, `address`, `status`, `sex`, `middle_name`, `usn`, `first_name`, `last_name`, `created_at`, `updated_at`, `class`, `last_school`) VALUES
(1098, 'october 6,2001', '20', 'san juan baao', 'cghgf', NULL, NULL, 220006444, 'Ma. Eliza Filipina P.', 'Beldad', '2023-06-14 00:13:42', '2023-06-14 02:34:41', 'old', NULL),
(1099, NULL, NULL, NULL, NULL, NULL, NULL, 22001046900, 'Romelda L.', 'Daet', '2023-06-14 00:13:42', '2023-06-14 00:13:42', 'old', NULL),
(1100, NULL, NULL, NULL, NULL, NULL, NULL, 18004097800, 'Julie LL.', 'Gueruela', '2023-06-14 00:13:42', '2023-06-14 00:13:42', 'old', NULL),
(1101, NULL, NULL, NULL, NULL, NULL, NULL, 20002672000, 'Fritz Gerard S.', 'Olaso', '2023-06-14 00:13:42', '2023-06-14 00:13:42', 'old', NULL),
(1102, NULL, NULL, NULL, NULL, NULL, NULL, 22000768200, 'Ronelyn A.', 'Presentacion', '2023-06-14 00:13:42', '2023-06-14 00:13:42', 'old', NULL),
(1103, NULL, NULL, NULL, NULL, NULL, NULL, 22000644900, 'Princess Mae G.', 'Quiaño', '2023-06-14 00:13:42', '2023-06-14 00:13:42', 'old', NULL),
(1104, NULL, NULL, NULL, NULL, NULL, NULL, 22001074100, 'Gerald B.', 'Sabinorio', '2023-06-14 00:13:42', '2023-06-14 00:13:42', 'old', NULL),
(1105, NULL, NULL, NULL, NULL, NULL, NULL, 21000475700, 'Julie Ann', 'Aquino', '2023-06-14 00:13:42', '2023-06-14 00:13:42', 'old', NULL),
(1106, NULL, NULL, NULL, NULL, NULL, NULL, 19003315000, 'Rizaline', 'Bonilla', '2023-06-14 00:13:42', '2023-06-14 00:13:42', 'old', NULL),
(1107, NULL, NULL, NULL, NULL, NULL, NULL, 19003867400, 'April Anne ', 'Cadag', '2023-06-14 00:13:42', '2023-06-14 00:13:42', 'old', NULL),
(1108, NULL, NULL, NULL, NULL, NULL, NULL, 19001038500, 'Joselyn', 'Castroverde', '2023-06-14 00:13:42', '2023-06-14 00:13:42', 'old', NULL),
(1109, NULL, NULL, NULL, NULL, NULL, NULL, 18004095000, 'Mark Anthony', 'Corong', '2023-06-14 00:13:42', '2023-06-14 00:13:42', 'old', NULL),
(1110, NULL, NULL, NULL, NULL, NULL, NULL, 21000466100, 'John Michael', 'De Villa', '2023-06-14 00:13:42', '2023-06-14 00:13:42', 'old', NULL),
(1111, NULL, NULL, NULL, NULL, NULL, NULL, 19000991600, 'Mark Luigie', 'Espiritu', '2023-06-14 00:13:42', '2023-06-14 00:13:42', 'old', NULL),
(1112, NULL, NULL, NULL, NULL, NULL, NULL, 21000475900, 'Maria', 'Lorzano', '2023-06-14 00:13:42', '2023-06-14 00:13:42', 'old', NULL),
(1113, NULL, NULL, NULL, NULL, NULL, NULL, 21000827900, 'Flordeliza', 'Manaog', '2023-06-14 00:13:42', '2023-06-14 00:13:42', 'old', NULL),
(1114, NULL, NULL, NULL, NULL, NULL, NULL, 21000475320, 'Melissa', 'Morada', '2023-06-14 00:13:42', '2023-06-14 00:13:42', 'old', NULL),
(1115, NULL, NULL, NULL, NULL, NULL, NULL, 21000425100, 'Salvacion', 'Penilla', '2023-06-14 00:13:42', '2023-06-14 00:13:42', 'old', NULL),
(1116, NULL, NULL, NULL, NULL, NULL, NULL, 21000633300, 'Jericho', 'Rafael', '2023-06-14 00:13:42', '2023-06-14 00:13:42', 'old', NULL),
(1117, NULL, NULL, NULL, NULL, NULL, NULL, 19004378000, 'Sweet Honeylet', 'Ramos', '2023-06-14 00:13:42', '2023-06-14 00:13:42', 'old', NULL),
(1118, NULL, NULL, NULL, NULL, NULL, NULL, 19003188600, 'Brian', 'Rebancos', '2023-06-14 00:13:42', '2023-06-14 00:13:42', 'old', NULL),
(1119, NULL, NULL, NULL, NULL, NULL, NULL, 21000633400, 'Gelie', 'Veras', '2023-06-14 00:13:42', '2023-06-14 00:13:42', 'old', NULL),
(1120, NULL, NULL, NULL, NULL, NULL, NULL, 22001230600, 'Yuri P.', 'Adesas', '2023-06-14 00:13:42', '2023-06-14 00:13:42', 'old', NULL),
(1121, NULL, NULL, NULL, NULL, NULL, NULL, 20001966800, 'Mark Anthony P.', 'Ampongan', '2023-06-14 00:13:42', '2023-06-14 00:13:42', 'old', NULL),
(1122, NULL, NULL, NULL, NULL, NULL, NULL, 20002228400, 'Angelo Sandel S.', 'Baesa', '2023-06-14 00:13:42', '2023-06-14 00:13:42', 'old', NULL),
(1123, NULL, NULL, NULL, NULL, NULL, NULL, 22001073700, 'Apollo Jr. S.', 'Barela', '2023-06-14 00:13:42', '2023-06-14 00:13:42', 'old', NULL),
(1124, NULL, NULL, NULL, NULL, NULL, NULL, 22000648100, 'John Rey E.', 'Bongcayao', '2023-06-14 00:13:42', '2023-06-14 00:13:42', 'old', NULL),
(1125, NULL, NULL, NULL, NULL, NULL, NULL, 20001968600, 'John Roy B.', 'Bricenio', '2023-06-14 00:13:42', '2023-06-14 00:13:42', 'old', NULL),
(1126, NULL, NULL, NULL, NULL, NULL, NULL, 22000769100, 'John Gabriel', 'Corvera', '2023-06-14 00:13:42', '2023-06-14 00:13:42', 'old', NULL),
(1127, NULL, NULL, NULL, NULL, NULL, NULL, 20002336300, 'Marl Angelo T.', 'Doroteo', '2023-06-14 00:13:42', '2023-06-14 00:13:42', 'old', NULL),
(1128, NULL, NULL, NULL, NULL, NULL, NULL, 22000964100, 'Nylavoj M.', 'Enriquez', '2023-06-14 00:13:42', '2023-06-14 00:13:42', 'old', NULL),
(1129, NULL, NULL, NULL, NULL, NULL, NULL, 20001967900, 'Leighmae Ciedel F.', 'Estadilla', '2023-06-14 00:13:42', '2023-06-14 00:13:42', 'old', NULL),
(1130, NULL, NULL, NULL, NULL, NULL, NULL, 20001967500, 'Michael James I.', 'Evallar', '2023-06-14 00:13:42', '2023-06-14 00:13:42', 'old', NULL),
(1131, NULL, NULL, NULL, NULL, NULL, NULL, 22000895900, 'Sean Glenn S.', 'Macapagat', '2023-06-14 00:13:42', '2023-06-14 00:13:42', 'old', NULL),
(1132, NULL, NULL, NULL, NULL, NULL, NULL, 20001968500, 'John Paul T.', 'Magayanes', '2023-06-14 00:13:42', '2023-06-14 00:13:42', 'old', NULL),
(1133, NULL, NULL, NULL, NULL, NULL, NULL, 22000773600, 'Mark Christian L.', 'Manaog', '2023-06-14 00:13:42', '2023-06-14 00:13:42', 'old', NULL),
(1134, NULL, NULL, NULL, NULL, NULL, NULL, 22000645200, 'Sunshine M.', 'Muñoz', '2023-06-14 00:13:42', '2023-06-14 00:13:42', 'old', NULL),
(1135, NULL, NULL, NULL, NULL, NULL, NULL, 20001968800, 'Julius P.', 'Nava', '2023-06-14 00:13:42', '2023-06-14 00:13:42', 'old', NULL),
(1136, NULL, NULL, NULL, NULL, NULL, NULL, 22001107200, 'Trixie Ann B.', 'Ofalsa', '2023-06-14 00:13:42', '2023-06-14 00:13:42', 'old', NULL),
(1137, NULL, NULL, NULL, NULL, NULL, NULL, 20002048600, 'Resabel C', 'Olaso', '2023-06-14 00:13:42', '2023-06-14 00:13:42', 'old', NULL),
(1138, NULL, NULL, NULL, NULL, NULL, NULL, 18004103400, 'Goldi Adrienne L.', 'Parro', '2023-06-14 00:13:42', '2023-06-14 00:13:42', 'old', NULL),
(1139, NULL, NULL, NULL, NULL, NULL, NULL, 22000952300, 'Jenecel N.', 'Paz', '2023-06-14 00:13:42', '2023-06-14 00:13:42', 'old', NULL),
(1140, NULL, NULL, NULL, NULL, NULL, NULL, 22000644900, 'Lyka Mhay M.', 'Quiaño', '2023-06-14 00:13:42', '2023-06-14 00:13:42', 'old', NULL),
(1141, NULL, NULL, NULL, NULL, NULL, NULL, 22000991800, 'Ronnil B.', 'Rodilas', '2023-06-14 00:13:42', '2023-06-14 00:13:42', 'old', NULL),
(1142, NULL, NULL, NULL, NULL, NULL, NULL, 20001996000, 'Princess Angel', 'Sedilla', '2023-06-14 00:13:42', '2023-06-14 00:13:42', 'old', NULL),
(1143, NULL, NULL, NULL, NULL, NULL, NULL, 22000646400, 'Carl Sivan B.', 'Tibi', '2023-06-14 00:13:42', '2023-06-14 00:13:42', 'old', NULL),
(1144, NULL, NULL, NULL, NULL, NULL, NULL, 20002045000, 'John Anthony N.', 'Turiano', '2023-06-14 00:13:42', '2023-06-14 00:13:42', 'old', NULL),
(1145, NULL, NULL, NULL, NULL, NULL, NULL, 20001999500, 'John Razel B.', 'Villar', '2023-06-14 00:13:42', '2023-06-14 00:13:42', 'old', NULL),
(1146, 'dfghdgher', '66', 'fghthyt', 'dgde', 'male', 'perez', 1, 'raol', 'bvgf', '2023-06-14 00:14:51', '2023-06-14 00:15:13', 'new', 'sgrtrtr (gtre)'),
(1147, 'dfgdr', '67', 'cfgdfgh', 'dfgdf', 'male', 'dfgdr', NULL, 'jeff', 'fgdr', '2023-06-14 02:37:32', '2023-06-14 02:37:32', 'new', 'dfgd (dfgfd)'),
(1148, 'rgergr', '5', 'asdfewfrew', 'sef', 'male', 'srgrew', 17001906700, 'srgtregt', 'erter', '2023-06-24 21:39:58', '2023-06-24 21:39:58', 'new', 'sfewfeew (wefew)'),
(1149, 'october 7, 3001', '21', 'sam juan bOO camarinse dsor', 'single', 'male', 'utok', 17004144500, 'raol', 'panga', '2023-07-03 18:44:51', '2023-07-03 18:44:51', 'new', 'xseefrino arroto hofh school (xahs)');

-- --------------------------------------------------------

--
-- Table structure for table `student_subjects`
--

CREATE TABLE `student_subjects` (
  `id` bigint(20) UNSIGNED NOT NULL,
  `user_id` smallint(5) UNSIGNED NOT NULL,
  `subject_id` smallint(5) UNSIGNED NOT NULL,
  `course_id` smallint(5) UNSIGNED NOT NULL,
  `yearlevel_id` smallint(5) UNSIGNED NOT NULL,
  `semester_id` smallint(5) UNSIGNED NOT NULL,
  `created_at` timestamp NULL DEFAULT NULL,
  `updated_at` timestamp NULL DEFAULT NULL
) ENGINE=InnoDB DEFAULT CHARSET=utf8mb4 COLLATE=utf8mb4_unicode_ci;

--
-- Dumping data for table `student_subjects`
--

INSERT INTO `student_subjects` (`id`, `user_id`, `subject_id`, `course_id`, `yearlevel_id`, `semester_id`, `created_at`, `updated_at`) VALUES
(204, 101, 29, 1, 1, 1, '2023-05-02 00:00:38', '2023-05-02 00:00:38'),
(205, 101, 30, 1, 1, 1, '2023-05-02 00:00:38', '2023-05-02 00:00:38'),
(206, 101, 31, 1, 1, 1, '2023-05-02 00:00:38', '2023-05-02 00:00:38'),
(213, 102, 21, 1, 3, 1, '2023-05-02 00:12:59', '2023-05-02 00:12:59'),
(214, 102, 22, 1, 3, 1, '2023-05-02 00:12:59', '2023-05-02 00:12:59'),
(221, 102, 29, 1, 1, 1, '2023-05-02 00:13:16', '2023-05-02 00:13:16'),
(222, 102, 30, 1, 1, 1, '2023-05-02 00:13:16', '2023-05-02 00:13:16'),
(223, 102, 31, 1, 1, 1, '2023-05-02 00:13:16', '2023-05-02 00:13:16'),
(224, 102, 32, 1, 1, 1, '2023-05-02 00:13:16', '2023-05-02 00:13:16'),
(225, 103, 29, 1, 1, 1, '2023-05-02 00:14:42', '2023-05-02 00:14:42'),
(226, 103, 30, 1, 1, 1, '2023-05-02 00:14:42', '2023-05-02 00:14:42'),
(227, 103, 31, 1, 1, 1, '2023-05-02 00:14:42', '2023-05-02 00:14:42'),
(228, 103, 32, 1, 1, 1, '2023-05-02 00:14:42', '2023-05-02 00:14:42'),
(229, 104, 29, 1, 1, 1, '2023-05-02 00:20:11', '2023-05-02 00:20:11'),
(230, 104, 30, 1, 1, 1, '2023-05-02 00:20:11', '2023-05-02 00:20:11'),
(231, 104, 31, 1, 1, 1, '2023-05-02 00:20:11', '2023-05-02 00:20:11'),
(232, 104, 32, 1, 1, 1, '2023-05-02 00:20:11', '2023-05-02 00:20:11'),
(265, 105, 29, 1, 1, 1, '2023-05-02 05:41:49', '2023-05-02 05:41:49'),
(266, 105, 30, 1, 1, 1, '2023-05-02 05:41:49', '2023-05-02 05:41:49'),
(267, 105, 31, 1, 1, 1, '2023-05-02 05:41:49', '2023-05-02 05:41:49'),
(268, 105, 32, 1, 1, 1, '2023-05-02 05:41:49', '2023-05-02 05:41:49'),
(320, 106, 31, 1, 2, 1, '2023-05-02 05:44:32', '2023-05-02 05:44:32'),
(390, 111, 21, 1, 3, 1, '2023-05-03 23:24:44', '2023-05-03 23:24:44'),
(391, 111, 22, 1, 3, 1, '2023-05-03 23:24:44', '2023-05-03 23:24:44'),
(432, 111, 29, 1, 1, 1, '2023-05-03 23:37:36', '2023-05-03 23:37:36'),
(433, 111, 30, 1, 1, 1, '2023-05-03 23:37:36', '2023-05-03 23:37:36'),
(576, 112, 29, 1, 1, 1, '2023-05-05 21:26:07', '2023-05-05 21:26:07'),
(577, 112, 30, 1, 1, 1, '2023-05-05 21:26:07', '2023-05-05 21:26:07'),
(578, 112, 31, 1, 1, 1, '2023-05-05 21:26:07', '2023-05-05 21:26:07'),
(579, 112, 32, 1, 1, 1, '2023-05-05 21:26:07', '2023-05-05 21:26:07'),
(580, 112, 54, 1, 1, 1, '2023-05-05 21:26:07', '2023-05-05 21:26:07'),
(581, 112, 55, 1, 1, 1, '2023-05-05 21:26:07', '2023-05-05 21:26:07'),
(582, 112, 56, 1, 1, 1, '2023-05-05 21:26:07', '2023-05-05 21:26:07'),
(583, 112, 57, 1, 1, 1, '2023-05-05 21:26:07', '2023-05-05 21:26:07'),
(584, 112, 58, 1, 1, 1, '2023-05-05 21:26:07', '2023-05-05 21:26:07'),
(585, 112, 59, 1, 1, 1, '2023-05-05 21:26:07', '2023-05-05 21:26:07'),
(586, 112, 60, 1, 1, 1, '2023-05-05 21:26:07', '2023-05-05 21:26:07'),
(616, 113, 29, 1, 1, 1, '2023-05-06 04:58:28', '2023-05-06 04:58:28'),
(617, 113, 30, 1, 1, 1, '2023-05-06 04:58:28', '2023-05-06 04:58:28'),
(618, 113, 31, 1, 1, 1, '2023-05-06 04:58:28', '2023-05-06 04:58:28'),
(619, 113, 32, 1, 1, 1, '2023-05-06 04:58:28', '2023-05-06 04:58:28'),
(620, 113, 54, 1, 1, 1, '2023-05-06 04:58:28', '2023-05-06 04:58:28'),
(621, 113, 55, 1, 1, 1, '2023-05-06 04:58:28', '2023-05-06 04:58:28'),
(622, 113, 56, 1, 1, 1, '2023-05-06 04:58:28', '2023-05-06 04:58:28'),
(623, 113, 57, 1, 1, 1, '2023-05-06 04:58:28', '2023-05-06 04:58:28'),
(624, 113, 58, 1, 1, 1, '2023-05-06 04:58:28', '2023-05-06 04:58:28'),
(625, 113, 59, 1, 1, 1, '2023-05-06 04:58:28', '2023-05-06 04:58:28'),
(626, 113, 60, 1, 1, 1, '2023-05-06 04:58:28', '2023-05-06 04:58:28'),
(627, 113, 61, 1, 1, 1, '2023-05-06 04:58:28', '2023-05-06 04:58:28'),
(628, 112, 36, 1, 4, 1, '2023-05-10 05:48:10', '2023-05-10 05:48:10'),
(629, 112, 37, 1, 4, 1, '2023-05-10 05:48:10', '2023-05-10 05:48:10'),
(630, 112, 21, 1, 3, 1, '2023-05-15 21:12:48', '2023-05-15 21:12:48'),
(631, 112, 22, 1, 3, 1, '2023-05-15 21:12:48', '2023-05-15 21:12:48'),
(653, 114, 29, 1, 1, 1, '2023-05-15 21:19:45', '2023-05-15 21:19:45'),
(654, 114, 30, 1, 1, 1, '2023-05-15 21:19:45', '2023-05-15 21:19:45'),
(655, 114, 31, 1, 1, 1, '2023-05-15 21:19:45', '2023-05-15 21:19:45'),
(656, 114, 32, 1, 1, 1, '2023-05-15 21:19:45', '2023-05-15 21:19:45'),
(657, 114, 54, 1, 1, 1, '2023-05-15 21:19:45', '2023-05-15 21:19:45'),
(658, 114, 55, 1, 1, 1, '2023-05-15 21:19:45', '2023-05-15 21:19:45'),
(659, 114, 56, 1, 1, 1, '2023-05-15 21:19:45', '2023-05-15 21:19:45'),
(660, 114, 57, 1, 1, 1, '2023-05-15 21:19:45', '2023-05-15 21:19:45'),
(661, 114, 58, 1, 1, 1, '2023-05-15 21:19:45', '2023-05-15 21:19:45'),
(662, 114, 59, 1, 1, 1, '2023-05-15 21:19:45', '2023-05-15 21:19:45'),
(663, 114, 60, 1, 1, 1, '2023-05-15 21:19:45', '2023-05-15 21:19:45'),
(664, 114, 61, 1, 1, 1, '2023-05-15 21:19:45', '2023-05-15 21:19:45'),
(665, 112, 1, 1, 1, 1, '2023-05-19 22:57:27', '2023-05-19 22:57:27'),
(666, 112, 2, 1, 1, 1, '2023-05-19 22:57:27', '2023-05-19 22:57:27'),
(667, 112, 3, 1, 1, 1, '2023-05-19 22:57:27', '2023-05-19 22:57:27'),
(668, 112, 4, 1, 1, 1, '2023-05-19 22:57:27', '2023-05-19 22:57:27'),
(669, 112, 5, 1, 1, 1, '2023-05-19 22:57:27', '2023-05-19 22:57:27'),
(670, 112, 6, 1, 1, 1, '2023-05-19 22:57:27', '2023-05-19 22:57:27'),
(671, 112, 7, 1, 1, 1, '2023-05-19 22:57:27', '2023-05-19 22:57:27'),
(672, 112, 8, 1, 1, 1, '2023-05-19 22:57:27', '2023-05-19 22:57:27'),
(673, 112, 9, 1, 1, 1, '2023-05-19 22:57:27', '2023-05-19 22:57:27'),
(674, 112, 10, 1, 1, 1, '2023-05-19 22:57:27', '2023-05-19 22:57:27'),
(675, 112, 11, 1, 1, 1, '2023-05-19 22:57:27', '2023-05-19 22:57:27'),
(676, 112, 12, 1, 1, 1, '2023-05-19 22:57:27', '2023-05-19 22:57:27'),
(677, 112, 64, 1, 4, 2, '2023-05-19 22:57:39', '2023-05-19 22:57:39'),
(678, 112, 65, 1, 4, 2, '2023-05-19 22:57:39', '2023-05-19 22:57:39'),
(679, 112, 66, 1, 4, 2, '2023-05-19 22:57:39', '2023-05-19 22:57:39'),
(680, 112, 67, 1, 4, 2, '2023-05-19 22:57:39', '2023-05-19 22:57:39'),
(681, 112, 68, 1, 4, 2, '2023-05-19 22:57:39', '2023-05-19 22:57:39'),
(688, 115, 158, 3, 1, 1, '2023-05-26 22:09:57', '2023-05-26 22:09:57'),
(689, 115, 161, 3, 1, 1, '2023-05-26 22:09:57', '2023-05-26 22:09:57'),
(690, 115, 162, 3, 1, 1, '2023-05-26 22:09:57', '2023-05-26 22:09:57'),
(691, 115, 164, 3, 1, 1, '2023-05-26 22:09:57', '2023-05-26 22:09:57'),
(692, 115, 165, 3, 1, 1, '2023-05-26 22:09:57', '2023-05-26 22:09:57'),
(693, 115, 166, 3, 1, 1, '2023-05-26 22:09:57', '2023-05-26 22:09:57'),
(694, 115, 167, 3, 1, 1, '2023-05-26 22:09:57', '2023-05-26 22:09:57'),
(695, 115, 168, 3, 1, 1, '2023-05-26 22:09:57', '2023-05-26 22:09:57'),
(727, 112, 20, 1, 2, 1, '2023-05-26 22:15:28', '2023-05-26 22:15:28'),
(728, 112, 21, 1, 2, 1, '2023-05-26 22:15:28', '2023-05-26 22:15:28'),
(729, 112, 22, 1, 2, 1, '2023-05-26 22:15:28', '2023-05-26 22:15:28'),
(730, 112, 23, 1, 2, 1, '2023-05-26 22:15:28', '2023-05-26 22:15:28'),
(731, 112, 24, 1, 2, 1, '2023-05-26 22:15:28', '2023-05-26 22:15:28'),
(732, 112, 25, 1, 2, 1, '2023-05-26 22:15:28', '2023-05-26 22:15:28'),
(733, 112, 26, 1, 2, 1, '2023-05-26 22:15:28', '2023-05-26 22:15:28'),
(734, 112, 27, 1, 2, 1, '2023-05-26 22:15:28', '2023-05-26 22:15:28'),
(735, 112, 28, 1, 2, 1, '2023-05-26 22:15:28', '2023-05-26 22:15:28'),
(736, 112, 29, 1, 2, 1, '2023-05-26 22:15:28', '2023-05-26 22:15:28'),
(737, 116, 80, 2, 1, 1, '2023-05-27 17:30:32', '2023-05-27 17:30:32'),
(738, 116, 89, 2, 1, 1, '2023-05-27 17:30:32', '2023-05-27 17:30:32'),
(739, 116, 94, 2, 1, 1, '2023-05-27 17:30:32', '2023-05-27 17:30:32'),
(740, 116, 97, 2, 1, 1, '2023-05-27 17:30:32', '2023-05-27 17:30:32'),
(741, 116, 98, 2, 1, 1, '2023-05-27 17:30:32', '2023-05-27 17:30:32'),
(742, 116, 99, 2, 1, 1, '2023-05-27 17:30:32', '2023-05-27 17:30:32'),
(743, 117, 80, 2, 1, 1, '2023-05-27 21:41:32', '2023-05-27 21:41:32'),
(744, 117, 89, 2, 1, 1, '2023-05-27 21:41:32', '2023-05-27 21:41:32'),
(745, 117, 94, 2, 1, 1, '2023-05-27 21:41:32', '2023-05-27 21:41:32'),
(746, 117, 97, 2, 1, 1, '2023-05-27 21:41:32', '2023-05-27 21:41:32'),
(747, 117, 98, 2, 1, 1, '2023-05-27 21:41:32', '2023-05-27 21:41:32'),
(748, 117, 99, 2, 1, 1, '2023-05-27 21:41:32', '2023-05-27 21:41:32'),
(749, 112, 80, 2, 1, 1, '2023-05-29 02:55:59', '2023-05-29 02:55:59'),
(750, 112, 89, 2, 1, 1, '2023-05-29 02:55:59', '2023-05-29 02:55:59'),
(751, 112, 94, 2, 1, 1, '2023-05-29 02:55:59', '2023-05-29 02:55:59'),
(752, 112, 97, 2, 1, 1, '2023-05-29 02:55:59', '2023-05-29 02:55:59'),
(753, 112, 98, 2, 1, 1, '2023-05-29 02:55:59', '2023-05-29 02:55:59'),
(754, 112, 99, 2, 1, 1, '2023-05-29 02:55:59', '2023-05-29 02:55:59'),
(755, 118, 103, 2, 2, 1, '2023-05-30 16:09:19', '2023-05-30 16:09:19'),
(756, 118, 106, 2, 2, 1, '2023-05-30 16:09:19', '2023-05-30 16:09:19'),
(757, 118, 110, 2, 2, 1, '2023-05-30 16:09:19', '2023-05-30 16:09:19'),
(758, 118, 116, 2, 2, 1, '2023-05-30 16:09:19', '2023-05-30 16:09:19'),
(759, 118, 119, 2, 2, 1, '2023-05-30 16:09:19', '2023-05-30 16:09:19'),
(760, 118, 132, 2, 2, 1, '2023-05-30 16:09:19', '2023-05-30 16:09:19'),
(761, 118, 136, 2, 2, 1, '2023-05-30 16:09:19', '2023-05-30 16:09:19'),
(762, 118, 185, 2, 2, 1, '2023-05-30 16:09:19', '2023-05-30 16:09:19'),
(763, 1, 1, 1, 1, 1, '2023-05-31 01:35:38', '2023-05-31 01:35:38'),
(764, 1, 2, 1, 1, 1, '2023-05-31 01:35:38', '2023-05-31 01:35:38'),
(765, 1, 3, 1, 1, 1, '2023-05-31 01:35:38', '2023-05-31 01:35:38'),
(766, 1, 4, 1, 1, 1, '2023-05-31 01:35:38', '2023-05-31 01:35:38'),
(767, 1, 5, 1, 1, 1, '2023-05-31 01:35:38', '2023-05-31 01:35:38'),
(768, 1, 6, 1, 1, 1, '2023-05-31 01:35:38', '2023-05-31 01:35:38'),
(769, 1, 7, 1, 1, 1, '2023-05-31 01:35:38', '2023-05-31 01:35:38'),
(770, 1, 8, 1, 1, 1, '2023-05-31 01:35:38', '2023-05-31 01:35:38'),
(771, 1, 9, 1, 1, 1, '2023-05-31 01:35:38', '2023-05-31 01:35:38'),
(772, 1, 10, 1, 1, 1, '2023-05-31 01:35:38', '2023-05-31 01:35:38'),
(773, 1, 11, 1, 1, 1, '2023-05-31 01:35:38', '2023-05-31 01:35:38'),
(774, 1, 12, 1, 1, 1, '2023-05-31 01:35:38', '2023-05-31 01:35:38'),
(775, 3, 80, 2, 1, 1, '2023-06-02 04:12:52', '2023-06-02 04:12:52'),
(776, 3, 89, 2, 1, 1, '2023-06-02 04:12:52', '2023-06-02 04:12:52'),
(777, 3, 94, 2, 1, 1, '2023-06-02 04:12:52', '2023-06-02 04:12:52'),
(778, 3, 97, 2, 1, 1, '2023-06-02 04:12:52', '2023-06-02 04:12:52'),
(779, 3, 98, 2, 1, 1, '2023-06-02 04:12:52', '2023-06-02 04:12:52'),
(780, 3, 99, 2, 1, 1, '2023-06-02 04:12:52', '2023-06-02 04:12:52'),
(801, 3, 20, 1, 2, 1, '2023-06-02 05:37:24', '2023-06-02 05:37:24'),
(802, 3, 21, 1, 2, 1, '2023-06-02 05:37:24', '2023-06-02 05:37:24'),
(803, 3, 22, 1, 2, 1, '2023-06-02 05:37:24', '2023-06-02 05:37:24'),
(804, 3, 23, 1, 2, 1, '2023-06-02 05:37:24', '2023-06-02 05:37:24'),
(805, 3, 24, 1, 2, 1, '2023-06-02 05:37:24', '2023-06-02 05:37:24'),
(806, 3, 25, 1, 2, 1, '2023-06-02 05:37:24', '2023-06-02 05:37:24'),
(807, 3, 26, 1, 2, 1, '2023-06-02 05:37:24', '2023-06-02 05:37:24'),
(808, 3, 27, 1, 2, 1, '2023-06-02 05:37:24', '2023-06-02 05:37:24'),
(809, 3, 28, 1, 2, 1, '2023-06-02 05:37:24', '2023-06-02 05:37:24'),
(810, 3, 29, 1, 2, 1, '2023-06-02 05:37:24', '2023-06-02 05:37:24'),
(811, 4, 103, 2, 2, 1, '2023-06-02 17:47:02', '2023-06-02 17:47:02'),
(812, 4, 106, 2, 2, 1, '2023-06-02 17:47:02', '2023-06-02 17:47:02'),
(813, 4, 110, 2, 2, 1, '2023-06-02 17:47:02', '2023-06-02 17:47:02'),
(814, 4, 116, 2, 2, 1, '2023-06-02 17:47:02', '2023-06-02 17:47:02'),
(815, 4, 119, 2, 2, 1, '2023-06-02 17:47:02', '2023-06-02 17:47:02'),
(816, 4, 132, 2, 2, 1, '2023-06-02 17:47:02', '2023-06-02 17:47:02'),
(817, 4, 136, 2, 2, 1, '2023-06-02 17:47:02', '2023-06-02 17:47:02'),
(818, 4, 185, 2, 2, 1, '2023-06-02 17:47:02', '2023-06-02 17:47:02'),
(819, 4, 80, 2, 1, 1, '2023-06-02 17:49:18', '2023-06-02 17:49:18'),
(820, 4, 89, 2, 1, 1, '2023-06-02 17:49:18', '2023-06-02 17:49:18'),
(821, 4, 94, 2, 1, 1, '2023-06-02 17:49:18', '2023-06-02 17:49:18'),
(822, 4, 97, 2, 1, 1, '2023-06-02 17:49:18', '2023-06-02 17:49:18'),
(823, 4, 98, 2, 1, 1, '2023-06-02 17:49:18', '2023-06-02 17:49:18'),
(824, 4, 99, 2, 1, 1, '2023-06-02 17:49:18', '2023-06-02 17:49:18'),
(825, 4, 158, 3, 1, 1, '2023-06-02 17:49:26', '2023-06-02 17:49:26'),
(826, 4, 161, 3, 1, 1, '2023-06-02 17:49:26', '2023-06-02 17:49:26'),
(827, 4, 162, 3, 1, 1, '2023-06-02 17:49:26', '2023-06-02 17:49:26'),
(828, 4, 164, 3, 1, 1, '2023-06-02 17:49:26', '2023-06-02 17:49:26'),
(829, 4, 165, 3, 1, 1, '2023-06-02 17:49:26', '2023-06-02 17:49:26'),
(830, 4, 166, 3, 1, 1, '2023-06-02 17:49:26', '2023-06-02 17:49:26'),
(831, 4, 167, 3, 1, 1, '2023-06-02 17:49:26', '2023-06-02 17:49:26'),
(832, 4, 168, 3, 1, 1, '2023-06-02 17:49:26', '2023-06-02 17:49:26'),
(833, 4, 83, 4, 1, 1, '2023-06-02 17:49:28', '2023-06-02 17:49:28'),
(834, 4, 84, 4, 1, 1, '2023-06-02 17:49:28', '2023-06-02 17:49:28'),
(835, 4, 125, 4, 1, 1, '2023-06-02 17:49:28', '2023-06-02 17:49:28'),
(836, 4, 131, 4, 1, 1, '2023-06-02 17:49:28', '2023-06-02 17:49:28'),
(837, 4, 146, 4, 1, 1, '2023-06-02 17:49:28', '2023-06-02 17:49:28'),
(838, 4, 151, 4, 1, 1, '2023-06-02 17:49:28', '2023-06-02 17:49:28'),
(839, 4, 157, 4, 1, 1, '2023-06-02 17:49:28', '2023-06-02 17:49:28'),
(840, 4, 163, 4, 1, 1, '2023-06-02 17:49:28', '2023-06-02 17:49:28'),
(841, 4, 188, 4, 1, 1, '2023-06-02 17:49:28', '2023-06-02 17:49:28'),
(842, 4, 189, 4, 1, 1, '2023-06-02 17:49:29', '2023-06-02 17:49:29'),
(843, 4, 191, 4, 1, 1, '2023-06-02 17:49:29', '2023-06-02 17:49:29'),
(844, 4, 192, 4, 1, 1, '2023-06-02 17:49:29', '2023-06-02 17:49:29'),
(845, 4, 193, 4, 1, 1, '2023-06-02 17:49:29', '2023-06-02 17:49:29'),
(846, 4, 195, 4, 1, 1, '2023-06-02 17:49:29', '2023-06-02 17:49:29'),
(847, 4, 196, 4, 1, 1, '2023-06-02 17:49:29', '2023-06-02 17:49:29'),
(848, 4, 197, 4, 1, 1, '2023-06-02 17:49:29', '2023-06-02 17:49:29'),
(849, 4, 198, 4, 1, 1, '2023-06-02 17:49:29', '2023-06-02 17:49:29'),
(850, 4, 200, 4, 1, 1, '2023-06-02 17:49:29', '2023-06-02 17:49:29'),
(851, 4, 201, 4, 1, 1, '2023-06-02 17:49:29', '2023-06-02 17:49:29'),
(852, 4, 202, 4, 1, 1, '2023-06-02 17:49:29', '2023-06-02 17:49:29'),
(853, 4, 203, 4, 1, 1, '2023-06-02 17:49:29', '2023-06-02 17:49:29'),
(854, 4, 138, 4, 2, 1, '2023-06-02 17:49:33', '2023-06-02 17:49:33'),
(855, 4, 139, 4, 2, 1, '2023-06-02 17:49:33', '2023-06-02 17:49:33'),
(856, 4, 141, 4, 2, 1, '2023-06-02 17:49:33', '2023-06-02 17:49:33'),
(857, 4, 143, 4, 2, 1, '2023-06-02 17:49:33', '2023-06-02 17:49:33'),
(858, 4, 144, 4, 2, 1, '2023-06-02 17:49:33', '2023-06-02 17:49:33'),
(859, 4, 148, 4, 2, 1, '2023-06-02 17:49:33', '2023-06-02 17:49:33'),
(860, 4, 149, 4, 2, 1, '2023-06-02 17:49:33', '2023-06-02 17:49:33'),
(861, 4, 150, 4, 2, 1, '2023-06-02 17:49:33', '2023-06-02 17:49:33'),
(862, 4, 152, 4, 2, 1, '2023-06-02 17:49:33', '2023-06-02 17:49:33'),
(863, 4, 153, 4, 2, 1, '2023-06-02 17:49:33', '2023-06-02 17:49:33'),
(864, 4, 154, 4, 2, 1, '2023-06-02 17:49:33', '2023-06-02 17:49:33'),
(865, 4, 155, 4, 2, 1, '2023-06-02 17:49:33', '2023-06-02 17:49:33'),
(866, 4, 156, 4, 2, 1, '2023-06-02 17:49:33', '2023-06-02 17:49:33'),
(867, 4, 159, 4, 2, 1, '2023-06-02 17:49:33', '2023-06-02 17:49:33'),
(868, 4, 160, 4, 2, 1, '2023-06-02 17:49:33', '2023-06-02 17:49:33'),
(869, 3, 1, 1, 1, 1, '2023-06-02 19:15:00', '2023-06-02 19:15:00'),
(870, 3, 2, 1, 1, 1, '2023-06-02 19:15:00', '2023-06-02 19:15:00'),
(871, 3, 3, 1, 1, 1, '2023-06-02 19:15:00', '2023-06-02 19:15:00'),
(872, 3, 4, 1, 1, 1, '2023-06-02 19:15:00', '2023-06-02 19:15:00'),
(873, 3, 5, 1, 1, 1, '2023-06-02 19:15:00', '2023-06-02 19:15:00'),
(874, 3, 6, 1, 1, 1, '2023-06-02 19:15:00', '2023-06-02 19:15:00'),
(875, 3, 7, 1, 1, 1, '2023-06-02 19:15:00', '2023-06-02 19:15:00'),
(876, 3, 8, 1, 1, 1, '2023-06-02 19:15:00', '2023-06-02 19:15:00'),
(877, 3, 9, 1, 1, 1, '2023-06-02 19:15:00', '2023-06-02 19:15:00'),
(878, 3, 10, 1, 1, 1, '2023-06-02 19:15:00', '2023-06-02 19:15:00'),
(879, 3, 11, 1, 1, 1, '2023-06-02 19:15:00', '2023-06-02 19:15:00'),
(880, 3, 12, 1, 1, 1, '2023-06-02 19:15:00', '2023-06-02 19:15:00'),
(881, 5, 64, 1, 4, 2, '2023-06-03 16:19:58', '2023-06-03 16:19:58'),
(882, 5, 65, 1, 4, 2, '2023-06-03 16:19:58', '2023-06-03 16:19:58'),
(883, 5, 66, 1, 4, 2, '2023-06-03 16:19:58', '2023-06-03 16:19:58'),
(884, 5, 67, 1, 4, 2, '2023-06-03 16:19:58', '2023-06-03 16:19:58'),
(885, 5, 68, 1, 4, 2, '2023-06-03 16:19:58', '2023-06-03 16:19:58'),
(886, 5, 219, 1, 4, 2, '2023-06-03 16:20:31', '2023-06-03 16:20:31'),
(887, 6, 1, 1, 1, 1, '2023-06-03 17:07:02', '2023-06-03 17:07:02'),
(888, 6, 2, 1, 1, 1, '2023-06-03 17:07:02', '2023-06-03 17:07:02'),
(889, 6, 3, 1, 1, 1, '2023-06-03 17:07:02', '2023-06-03 17:07:02'),
(890, 6, 4, 1, 1, 1, '2023-06-03 17:07:02', '2023-06-03 17:07:02'),
(891, 6, 5, 1, 1, 1, '2023-06-03 17:07:02', '2023-06-03 17:07:02'),
(892, 6, 6, 1, 1, 1, '2023-06-03 17:07:02', '2023-06-03 17:07:02'),
(893, 6, 7, 1, 1, 1, '2023-06-03 17:07:02', '2023-06-03 17:07:02'),
(894, 6, 8, 1, 1, 1, '2023-06-03 17:07:02', '2023-06-03 17:07:02'),
(895, 6, 9, 1, 1, 1, '2023-06-03 17:07:02', '2023-06-03 17:07:02'),
(896, 6, 10, 1, 1, 1, '2023-06-03 17:07:02', '2023-06-03 17:07:02'),
(897, 6, 11, 1, 1, 1, '2023-06-03 17:07:02', '2023-06-03 17:07:02'),
(898, 6, 12, 1, 1, 1, '2023-06-03 17:07:02', '2023-06-03 17:07:02'),
(899, 9, 82, 3, 3, 1, '2023-06-03 17:16:45', '2023-06-03 17:16:45'),
(900, 9, 85, 3, 3, 1, '2023-06-03 17:16:45', '2023-06-03 17:16:45'),
(901, 9, 87, 3, 3, 1, '2023-06-03 17:16:45', '2023-06-03 17:16:45'),
(902, 9, 92, 3, 3, 1, '2023-06-03 17:16:45', '2023-06-03 17:16:45'),
(903, 9, 96, 3, 3, 1, '2023-06-03 17:16:45', '2023-06-03 17:16:45'),
(904, 9, 101, 3, 3, 1, '2023-06-03 17:16:45', '2023-06-03 17:16:45'),
(905, 9, 105, 3, 3, 1, '2023-06-03 17:16:45', '2023-06-03 17:16:45'),
(906, 9, 108, 3, 3, 1, '2023-06-03 17:16:45', '2023-06-03 17:16:45'),
(907, 10, 64, 1, 4, 2, '2023-06-03 17:17:57', '2023-06-03 17:17:57'),
(908, 10, 65, 1, 4, 2, '2023-06-03 17:17:57', '2023-06-03 17:17:57'),
(909, 10, 66, 1, 4, 2, '2023-06-03 17:17:57', '2023-06-03 17:17:57'),
(910, 10, 67, 1, 4, 2, '2023-06-03 17:17:57', '2023-06-03 17:17:57'),
(911, 10, 68, 1, 4, 2, '2023-06-03 17:17:57', '2023-06-03 17:17:57'),
(912, 6, 13, 1, 1, 2, '2023-06-03 17:37:30', '2023-06-03 17:37:30'),
(913, 6, 14, 1, 1, 2, '2023-06-03 17:37:30', '2023-06-03 17:37:30'),
(914, 6, 15, 1, 1, 2, '2023-06-03 17:37:30', '2023-06-03 17:37:30'),
(915, 6, 16, 1, 1, 2, '2023-06-03 17:37:30', '2023-06-03 17:37:30'),
(916, 6, 17, 1, 1, 2, '2023-06-03 17:37:30', '2023-06-03 17:37:30'),
(917, 6, 18, 1, 1, 2, '2023-06-03 17:37:30', '2023-06-03 17:37:30'),
(918, 6, 19, 1, 1, 2, '2023-06-03 17:37:30', '2023-06-03 17:37:30'),
(919, 11, 158, 3, 1, 1, '2023-06-03 20:07:54', '2023-06-03 20:07:54'),
(920, 11, 161, 3, 1, 1, '2023-06-03 20:07:54', '2023-06-03 20:07:54'),
(921, 11, 162, 3, 1, 1, '2023-06-03 20:07:54', '2023-06-03 20:07:54'),
(922, 11, 164, 3, 1, 1, '2023-06-03 20:07:54', '2023-06-03 20:07:54'),
(923, 11, 165, 3, 1, 1, '2023-06-03 20:07:54', '2023-06-03 20:07:54'),
(924, 11, 166, 3, 1, 1, '2023-06-03 20:07:54', '2023-06-03 20:07:54'),
(925, 11, 167, 3, 1, 1, '2023-06-03 20:07:54', '2023-06-03 20:07:54'),
(926, 11, 168, 3, 1, 1, '2023-06-03 20:07:54', '2023-06-03 20:07:54'),
(927, 3, 248, 9, 5, 1, '2023-06-06 20:20:07', '2023-06-06 20:20:07'),
(928, 3, 252, 9, 5, 1, '2023-06-06 20:20:07', '2023-06-06 20:20:07'),
(929, 3, 254, 9, 5, 1, '2023-06-06 20:20:07', '2023-06-06 20:20:07'),
(930, 3, 257, 9, 5, 1, '2023-06-06 20:20:07', '2023-06-06 20:20:07'),
(931, 3, 260, 9, 5, 1, '2023-06-06 20:20:07', '2023-06-06 20:20:07'),
(932, 3, 263, 9, 5, 1, '2023-06-06 20:20:07', '2023-06-06 20:20:07'),
(933, 3, 265, 9, 5, 1, '2023-06-06 20:20:07', '2023-06-06 20:20:07'),
(934, 3, 276, 9, 5, 1, '2023-06-06 20:20:07', '2023-06-06 20:20:07'),
(935, 3, 284, 9, 5, 1, '2023-06-06 20:20:07', '2023-06-06 20:20:07'),
(936, 5, 30, 1, 2, 2, '2023-06-09 19:00:06', '2023-06-09 19:00:06'),
(937, 5, 31, 1, 2, 2, '2023-06-09 19:00:06', '2023-06-09 19:00:06'),
(938, 5, 32, 1, 2, 2, '2023-06-09 19:00:06', '2023-06-09 19:00:06'),
(939, 5, 33, 1, 2, 2, '2023-06-09 19:00:06', '2023-06-09 19:00:06'),
(940, 5, 34, 1, 2, 2, '2023-06-09 19:00:06', '2023-06-09 19:00:06'),
(941, 5, 35, 1, 2, 2, '2023-06-09 19:00:06', '2023-06-09 19:00:06'),
(942, 5, 36, 1, 2, 2, '2023-06-09 19:00:06', '2023-06-09 19:00:06'),
(943, 5, 37, 1, 2, 2, '2023-06-09 19:00:06', '2023-06-09 19:00:06'),
(944, 5, 38, 1, 2, 2, '2023-06-09 19:00:06', '2023-06-09 19:00:06'),
(945, 5, 39, 1, 2, 2, '2023-06-09 19:00:06', '2023-06-09 19:00:06'),
(946, 5, 40, 1, 2, 2, '2023-06-09 19:00:06', '2023-06-09 19:00:06'),
(947, 5, 41, 1, 2, 2, '2023-06-09 19:00:06', '2023-06-09 19:00:06'),
(948, 5, 42, 1, 2, 2, '2023-06-09 19:00:06', '2023-06-09 19:00:06'),
(949, 5, 43, 1, 2, 2, '2023-06-09 19:00:06', '2023-06-09 19:00:06'),
(950, 16, 1, 1, 1, 1, '2023-06-09 19:17:39', '2023-06-09 19:17:39'),
(951, 16, 2, 1, 1, 1, '2023-06-09 19:17:39', '2023-06-09 19:17:39'),
(952, 16, 3, 1, 1, 1, '2023-06-09 19:17:39', '2023-06-09 19:17:39'),
(953, 16, 4, 1, 1, 1, '2023-06-09 19:17:39', '2023-06-09 19:17:39'),
(954, 16, 5, 1, 1, 1, '2023-06-09 19:17:39', '2023-06-09 19:17:39'),
(955, 16, 6, 1, 1, 1, '2023-06-09 19:17:39', '2023-06-09 19:17:39'),
(956, 16, 7, 1, 1, 1, '2023-06-09 19:17:39', '2023-06-09 19:17:39'),
(957, 16, 8, 1, 1, 1, '2023-06-09 19:17:39', '2023-06-09 19:17:39'),
(958, 16, 9, 1, 1, 1, '2023-06-09 19:17:39', '2023-06-09 19:17:39'),
(959, 16, 10, 1, 1, 1, '2023-06-09 19:17:39', '2023-06-09 19:17:39'),
(960, 16, 11, 1, 1, 1, '2023-06-09 19:17:39', '2023-06-09 19:17:39'),
(961, 16, 12, 1, 1, 1, '2023-06-09 19:17:39', '2023-06-09 19:17:39'),
(962, 3, 158, 3, 1, 1, '2023-06-09 21:49:04', '2023-06-09 21:49:04'),
(963, 3, 161, 3, 1, 1, '2023-06-09 21:49:04', '2023-06-09 21:49:04'),
(964, 3, 162, 3, 1, 1, '2023-06-09 21:49:04', '2023-06-09 21:49:04'),
(965, 3, 164, 3, 1, 1, '2023-06-09 21:49:04', '2023-06-09 21:49:04'),
(966, 3, 165, 3, 1, 1, '2023-06-09 21:49:04', '2023-06-09 21:49:04'),
(967, 3, 166, 3, 1, 1, '2023-06-09 21:49:04', '2023-06-09 21:49:04'),
(968, 3, 167, 3, 1, 1, '2023-06-09 21:49:04', '2023-06-09 21:49:04'),
(969, 3, 168, 3, 1, 1, '2023-06-09 21:49:04', '2023-06-09 21:49:04'),
(970, 17, 1, 1, 1, 1, '2023-06-09 22:34:53', '2023-06-09 22:34:53'),
(971, 17, 2, 1, 1, 1, '2023-06-09 22:34:53', '2023-06-09 22:34:53'),
(972, 17, 3, 1, 1, 1, '2023-06-09 22:34:53', '2023-06-09 22:34:53'),
(973, 17, 4, 1, 1, 1, '2023-06-09 22:34:53', '2023-06-09 22:34:53'),
(974, 17, 5, 1, 1, 1, '2023-06-09 22:34:53', '2023-06-09 22:34:53'),
(975, 17, 6, 1, 1, 1, '2023-06-09 22:34:53', '2023-06-09 22:34:53'),
(976, 17, 7, 1, 1, 1, '2023-06-09 22:34:53', '2023-06-09 22:34:53'),
(977, 17, 8, 1, 1, 1, '2023-06-09 22:34:53', '2023-06-09 22:34:53'),
(978, 17, 9, 1, 1, 1, '2023-06-09 22:34:53', '2023-06-09 22:34:53'),
(979, 17, 10, 1, 1, 1, '2023-06-09 22:34:53', '2023-06-09 22:34:53'),
(980, 17, 11, 1, 1, 1, '2023-06-09 22:34:53', '2023-06-09 22:34:53'),
(981, 17, 12, 1, 1, 1, '2023-06-09 22:34:53', '2023-06-09 22:34:53'),
(993, 17, 44, 1, 3, 1, '2023-06-09 22:35:55', '2023-06-09 22:35:55'),
(994, 17, 45, 1, 3, 1, '2023-06-09 22:35:55', '2023-06-09 22:35:55'),
(995, 17, 46, 1, 3, 1, '2023-06-09 22:35:55', '2023-06-09 22:35:55'),
(996, 17, 47, 1, 3, 1, '2023-06-09 22:35:55', '2023-06-09 22:35:55'),
(997, 17, 48, 1, 3, 1, '2023-06-09 22:35:55', '2023-06-09 22:35:55'),
(998, 17, 49, 1, 3, 1, '2023-06-09 22:35:55', '2023-06-09 22:35:55'),
(999, 17, 50, 1, 3, 1, '2023-06-09 22:35:55', '2023-06-09 22:35:55'),
(1000, 17, 51, 1, 3, 1, '2023-06-09 22:35:55', '2023-06-09 22:35:55'),
(1001, 17, 52, 1, 3, 1, '2023-06-09 22:35:55', '2023-06-09 22:35:55'),
(1002, 17, 53, 1, 3, 1, '2023-06-09 22:35:55', '2023-06-09 22:35:55'),
(1003, 17, 82, 3, 3, 1, '2023-06-09 22:36:59', '2023-06-09 22:36:59'),
(1004, 17, 85, 3, 3, 1, '2023-06-09 22:36:59', '2023-06-09 22:36:59'),
(1005, 17, 87, 3, 3, 1, '2023-06-09 22:36:59', '2023-06-09 22:36:59'),
(1006, 17, 92, 3, 3, 1, '2023-06-09 22:36:59', '2023-06-09 22:36:59'),
(1007, 17, 96, 3, 3, 1, '2023-06-09 22:36:59', '2023-06-09 22:36:59'),
(1008, 17, 101, 3, 3, 1, '2023-06-09 22:36:59', '2023-06-09 22:36:59'),
(1009, 17, 105, 3, 3, 1, '2023-06-09 22:36:59', '2023-06-09 22:36:59'),
(1010, 17, 108, 3, 3, 1, '2023-06-09 22:36:59', '2023-06-09 22:36:59'),
(1011, 17, 121, 3, 3, 2, '2023-06-09 22:37:06', '2023-06-09 22:37:06'),
(1012, 17, 123, 3, 3, 2, '2023-06-09 22:37:06', '2023-06-09 22:37:06'),
(1013, 17, 127, 3, 3, 2, '2023-06-09 22:37:06', '2023-06-09 22:37:06'),
(1014, 17, 133, 3, 3, 2, '2023-06-09 22:37:06', '2023-06-09 22:37:06'),
(1015, 17, 135, 3, 3, 2, '2023-06-09 22:37:06', '2023-06-09 22:37:06'),
(1016, 17, 137, 3, 3, 2, '2023-06-09 22:37:06', '2023-06-09 22:37:06'),
(1017, 17, 140, 3, 3, 2, '2023-06-09 22:37:06', '2023-06-09 22:37:06'),
(1018, 17, 317, 6, 5, 2, '2023-06-09 22:37:19', '2023-06-09 22:37:19'),
(1019, 17, 321, 6, 5, 2, '2023-06-09 22:37:19', '2023-06-09 22:37:19'),
(1020, 17, 328, 6, 5, 2, '2023-06-09 22:37:19', '2023-06-09 22:37:19'),
(1021, 17, 335, 6, 5, 2, '2023-06-09 22:37:19', '2023-06-09 22:37:19'),
(1022, 17, 341, 6, 5, 2, '2023-06-09 22:37:19', '2023-06-09 22:37:19'),
(1023, 17, 347, 6, 5, 2, '2023-06-09 22:37:19', '2023-06-09 22:37:19'),
(1024, 17, 352, 6, 5, 2, '2023-06-09 22:37:19', '2023-06-09 22:37:19'),
(1025, 17, 364, 6, 5, 2, '2023-06-09 22:37:19', '2023-06-09 22:37:19'),
(1026, 17, 371, 6, 5, 2, '2023-06-09 22:37:19', '2023-06-09 22:37:19'),
(1027, 18, 20, 1, 2, 1, '2023-06-09 22:42:20', '2023-06-09 22:42:20'),
(1028, 18, 21, 1, 2, 1, '2023-06-09 22:42:20', '2023-06-09 22:42:20'),
(1029, 18, 22, 1, 2, 1, '2023-06-09 22:42:20', '2023-06-09 22:42:20'),
(1030, 18, 23, 1, 2, 1, '2023-06-09 22:42:20', '2023-06-09 22:42:20'),
(1031, 18, 24, 1, 2, 1, '2023-06-09 22:42:20', '2023-06-09 22:42:20'),
(1032, 18, 25, 1, 2, 1, '2023-06-09 22:42:20', '2023-06-09 22:42:20'),
(1033, 18, 26, 1, 2, 1, '2023-06-09 22:42:20', '2023-06-09 22:42:20'),
(1034, 18, 27, 1, 2, 1, '2023-06-09 22:42:20', '2023-06-09 22:42:20'),
(1035, 18, 28, 1, 2, 1, '2023-06-09 22:42:20', '2023-06-09 22:42:20'),
(1036, 18, 29, 1, 2, 1, '2023-06-09 22:42:20', '2023-06-09 22:42:20'),
(1047, 3, 397, 8, 5, 1, '2023-06-09 23:53:10', '2023-06-09 23:53:10'),
(1048, 3, 400, 8, 5, 1, '2023-06-09 23:53:10', '2023-06-09 23:53:10'),
(1049, 3, 401, 8, 5, 1, '2023-06-09 23:53:10', '2023-06-09 23:53:10'),
(1050, 3, 404, 8, 5, 1, '2023-06-09 23:53:10', '2023-06-09 23:53:10'),
(1051, 3, 405, 8, 5, 1, '2023-06-09 23:53:10', '2023-06-09 23:53:10'),
(1052, 3, 407, 8, 5, 1, '2023-06-09 23:53:10', '2023-06-09 23:53:10'),
(1053, 3, 408, 8, 5, 1, '2023-06-09 23:53:10', '2023-06-09 23:53:10'),
(1054, 3, 410, 8, 5, 1, '2023-06-09 23:53:10', '2023-06-09 23:53:10'),
(1055, 3, 412, 8, 5, 1, '2023-06-09 23:53:10', '2023-06-09 23:53:10'),
(1056, 3, 413, 8, 5, 1, '2023-06-09 23:53:10', '2023-06-09 23:53:10'),
(1057, 3, 456, 8, 5, 1, '2023-06-09 23:53:10', '2023-06-09 23:53:10'),
(1058, 19, 397, 8, 5, 1, '2023-06-09 23:54:11', '2023-06-09 23:54:11'),
(1059, 19, 400, 8, 5, 1, '2023-06-09 23:54:11', '2023-06-09 23:54:11'),
(1060, 19, 401, 8, 5, 1, '2023-06-09 23:54:11', '2023-06-09 23:54:11'),
(1061, 19, 404, 8, 5, 1, '2023-06-09 23:54:11', '2023-06-09 23:54:11'),
(1062, 19, 405, 8, 5, 1, '2023-06-09 23:54:11', '2023-06-09 23:54:11'),
(1063, 19, 407, 8, 5, 1, '2023-06-09 23:54:11', '2023-06-09 23:54:11'),
(1064, 19, 408, 8, 5, 1, '2023-06-09 23:54:11', '2023-06-09 23:54:11'),
(1065, 19, 410, 8, 5, 1, '2023-06-09 23:54:11', '2023-06-09 23:54:11'),
(1066, 19, 412, 8, 5, 1, '2023-06-09 23:54:11', '2023-06-09 23:54:11'),
(1067, 19, 413, 8, 5, 1, '2023-06-09 23:54:11', '2023-06-09 23:54:11'),
(1068, 19, 456, 8, 5, 1, '2023-06-09 23:54:11', '2023-06-09 23:54:11'),
(1069, 19, 1, 1, 1, 1, '2023-06-09 23:55:58', '2023-06-09 23:55:58'),
(1070, 19, 2, 1, 1, 1, '2023-06-09 23:55:58', '2023-06-09 23:55:58'),
(1071, 19, 3, 1, 1, 1, '2023-06-09 23:55:58', '2023-06-09 23:55:58'),
(1072, 19, 4, 1, 1, 1, '2023-06-09 23:55:58', '2023-06-09 23:55:58'),
(1073, 19, 5, 1, 1, 1, '2023-06-09 23:55:58', '2023-06-09 23:55:58'),
(1074, 19, 6, 1, 1, 1, '2023-06-09 23:55:58', '2023-06-09 23:55:58'),
(1075, 19, 7, 1, 1, 1, '2023-06-09 23:55:58', '2023-06-09 23:55:58'),
(1076, 19, 8, 1, 1, 1, '2023-06-09 23:55:58', '2023-06-09 23:55:58'),
(1077, 19, 9, 1, 1, 1, '2023-06-09 23:55:58', '2023-06-09 23:55:58'),
(1078, 19, 10, 1, 1, 1, '2023-06-09 23:55:58', '2023-06-09 23:55:58'),
(1079, 19, 11, 1, 1, 1, '2023-06-09 23:55:58', '2023-06-09 23:55:58'),
(1080, 19, 12, 1, 1, 1, '2023-06-09 23:55:58', '2023-06-09 23:55:58'),
(1081, 3, 206, 2, 2, 2, '2023-06-11 00:30:22', '2023-06-11 00:30:22'),
(1082, 3, 210, 2, 2, 2, '2023-06-11 00:30:22', '2023-06-11 00:30:22'),
(1083, 3, 214, 2, 2, 2, '2023-06-11 00:30:22', '2023-06-11 00:30:22'),
(1084, 3, 217, 2, 2, 2, '2023-06-11 00:30:22', '2023-06-11 00:30:22'),
(1085, 3, 221, 2, 2, 2, '2023-06-11 00:30:22', '2023-06-11 00:30:22'),
(1086, 3, 229, 2, 2, 2, '2023-06-11 00:30:22', '2023-06-11 00:30:22'),
(1087, 3, 231, 2, 2, 2, '2023-06-11 00:30:22', '2023-06-11 00:30:22'),
(1088, 3, 234, 2, 2, 2, '2023-06-11 00:30:22', '2023-06-11 00:30:22'),
(1089, 3, 236, 2, 2, 2, '2023-06-11 00:30:22', '2023-06-11 00:30:22'),
(1090, 3, 237, 2, 2, 2, '2023-06-11 00:30:22', '2023-06-11 00:30:22'),
(1091, 3, 238, 2, 2, 2, '2023-06-11 00:30:22', '2023-06-11 00:30:22'),
(1092, 3, 44, 1, 3, 1, '2023-06-11 00:30:36', '2023-06-11 00:30:36'),
(1093, 3, 45, 1, 3, 1, '2023-06-11 00:30:36', '2023-06-11 00:30:36'),
(1094, 3, 46, 1, 3, 1, '2023-06-11 00:30:36', '2023-06-11 00:30:36'),
(1095, 3, 47, 1, 3, 1, '2023-06-11 00:30:36', '2023-06-11 00:30:36'),
(1096, 3, 48, 1, 3, 1, '2023-06-11 00:30:36', '2023-06-11 00:30:36'),
(1097, 3, 49, 1, 3, 1, '2023-06-11 00:30:36', '2023-06-11 00:30:36'),
(1098, 3, 50, 1, 3, 1, '2023-06-11 00:30:36', '2023-06-11 00:30:36'),
(1099, 3, 51, 1, 3, 1, '2023-06-11 00:30:36', '2023-06-11 00:30:36'),
(1100, 3, 52, 1, 3, 1, '2023-06-11 00:30:36', '2023-06-11 00:30:36'),
(1101, 3, 53, 1, 3, 1, '2023-06-11 00:30:36', '2023-06-11 00:30:36'),
(1102, 21, 1, 1, 1, 1, '2023-06-13 17:06:21', '2023-06-13 17:06:21'),
(1103, 21, 2, 1, 1, 1, '2023-06-13 17:06:21', '2023-06-13 17:06:21'),
(1104, 21, 3, 1, 1, 1, '2023-06-13 17:06:21', '2023-06-13 17:06:21'),
(1105, 21, 4, 1, 1, 1, '2023-06-13 17:06:21', '2023-06-13 17:06:21'),
(1106, 21, 5, 1, 1, 1, '2023-06-13 17:06:21', '2023-06-13 17:06:21'),
(1107, 21, 6, 1, 1, 1, '2023-06-13 17:06:21', '2023-06-13 17:06:21'),
(1108, 21, 7, 1, 1, 1, '2023-06-13 17:06:21', '2023-06-13 17:06:21'),
(1109, 21, 8, 1, 1, 1, '2023-06-13 17:06:21', '2023-06-13 17:06:21'),
(1110, 21, 9, 1, 1, 1, '2023-06-13 17:06:21', '2023-06-13 17:06:21'),
(1111, 21, 10, 1, 1, 1, '2023-06-13 17:06:21', '2023-06-13 17:06:21'),
(1112, 21, 11, 1, 1, 1, '2023-06-13 17:06:21', '2023-06-13 17:06:21'),
(1113, 21, 12, 1, 1, 1, '2023-06-13 17:06:21', '2023-06-13 17:06:21'),
(1114, 21, 457, 1, 1, 1, '2023-06-13 17:06:21', '2023-06-13 17:06:21'),
(1115, 22, 1, 1, 1, 1, '2023-06-13 19:20:40', '2023-06-13 19:20:40'),
(1116, 22, 2, 1, 1, 1, '2023-06-13 19:20:40', '2023-06-13 19:20:40'),
(1117, 22, 3, 1, 1, 1, '2023-06-13 19:20:40', '2023-06-13 19:20:40'),
(1118, 22, 4, 1, 1, 1, '2023-06-13 19:20:40', '2023-06-13 19:20:40'),
(1119, 22, 5, 1, 1, 1, '2023-06-13 19:20:40', '2023-06-13 19:20:40'),
(1120, 22, 6, 1, 1, 1, '2023-06-13 19:20:40', '2023-06-13 19:20:40'),
(1121, 22, 7, 1, 1, 1, '2023-06-13 19:20:40', '2023-06-13 19:20:40'),
(1122, 22, 8, 1, 1, 1, '2023-06-13 19:20:40', '2023-06-13 19:20:40'),
(1123, 22, 9, 1, 1, 1, '2023-06-13 19:20:40', '2023-06-13 19:20:40'),
(1124, 22, 10, 1, 1, 1, '2023-06-13 19:20:40', '2023-06-13 19:20:40'),
(1125, 22, 11, 1, 1, 1, '2023-06-13 19:20:40', '2023-06-13 19:20:40'),
(1126, 22, 12, 1, 1, 1, '2023-06-13 19:20:40', '2023-06-13 19:20:40'),
(1127, 22, 457, 1, 1, 1, '2023-06-13 19:20:40', '2023-06-13 19:20:40'),
(1128, 23, 13, 1, 1, 2, '2023-06-13 19:37:11', '2023-06-13 19:37:11'),
(1129, 23, 14, 1, 1, 2, '2023-06-13 19:37:11', '2023-06-13 19:37:11'),
(1130, 23, 15, 1, 1, 2, '2023-06-13 19:37:11', '2023-06-13 19:37:11'),
(1131, 23, 16, 1, 1, 2, '2023-06-13 19:37:11', '2023-06-13 19:37:11'),
(1132, 23, 17, 1, 1, 2, '2023-06-13 19:37:11', '2023-06-13 19:37:11'),
(1133, 23, 18, 1, 1, 2, '2023-06-13 19:37:11', '2023-06-13 19:37:11'),
(1134, 23, 19, 1, 1, 2, '2023-06-13 19:37:11', '2023-06-13 19:37:11'),
(1135, 24, 103, 2, 2, 1, '2023-06-13 19:42:40', '2023-06-13 19:42:40'),
(1136, 24, 106, 2, 2, 1, '2023-06-13 19:42:40', '2023-06-13 19:42:40'),
(1137, 24, 110, 2, 2, 1, '2023-06-13 19:42:40', '2023-06-13 19:42:40'),
(1138, 24, 116, 2, 2, 1, '2023-06-13 19:42:40', '2023-06-13 19:42:40'),
(1139, 24, 119, 2, 2, 1, '2023-06-13 19:42:40', '2023-06-13 19:42:40'),
(1140, 24, 132, 2, 2, 1, '2023-06-13 19:42:40', '2023-06-13 19:42:40'),
(1141, 24, 136, 2, 2, 1, '2023-06-13 19:42:40', '2023-06-13 19:42:40'),
(1142, 24, 185, 2, 2, 1, '2023-06-13 19:42:40', '2023-06-13 19:42:40'),
(1143, 24, 1, 1, 1, 1, '2023-06-13 20:18:17', '2023-06-13 20:18:17'),
(1144, 24, 2, 1, 1, 1, '2023-06-13 20:18:17', '2023-06-13 20:18:17'),
(1145, 24, 3, 1, 1, 1, '2023-06-13 20:18:17', '2023-06-13 20:18:17'),
(1146, 24, 4, 1, 1, 1, '2023-06-13 20:18:17', '2023-06-13 20:18:17'),
(1147, 24, 5, 1, 1, 1, '2023-06-13 20:18:17', '2023-06-13 20:18:17'),
(1148, 24, 6, 1, 1, 1, '2023-06-13 20:18:17', '2023-06-13 20:18:17'),
(1149, 24, 7, 1, 1, 1, '2023-06-13 20:18:17', '2023-06-13 20:18:17'),
(1150, 24, 8, 1, 1, 1, '2023-06-13 20:18:17', '2023-06-13 20:18:17'),
(1151, 24, 9, 1, 1, 1, '2023-06-13 20:18:17', '2023-06-13 20:18:17'),
(1152, 24, 10, 1, 1, 1, '2023-06-13 20:18:17', '2023-06-13 20:18:17'),
(1153, 24, 11, 1, 1, 1, '2023-06-13 20:18:17', '2023-06-13 20:18:17'),
(1154, 24, 12, 1, 1, 1, '2023-06-13 20:18:17', '2023-06-13 20:18:17'),
(1155, 24, 457, 1, 1, 1, '2023-06-13 20:18:17', '2023-06-13 20:18:17'),
(1156, 34, 1, 1, 1, 1, '2023-06-13 23:02:17', '2023-06-13 23:02:17'),
(1157, 34, 2, 1, 1, 1, '2023-06-13 23:02:17', '2023-06-13 23:02:17'),
(1158, 34, 3, 1, 1, 1, '2023-06-13 23:02:17', '2023-06-13 23:02:17'),
(1159, 34, 4, 1, 1, 1, '2023-06-13 23:02:17', '2023-06-13 23:02:17'),
(1160, 34, 5, 1, 1, 1, '2023-06-13 23:02:17', '2023-06-13 23:02:17'),
(1161, 34, 6, 1, 1, 1, '2023-06-13 23:02:17', '2023-06-13 23:02:17'),
(1162, 34, 7, 1, 1, 1, '2023-06-13 23:02:17', '2023-06-13 23:02:17'),
(1163, 34, 8, 1, 1, 1, '2023-06-13 23:02:17', '2023-06-13 23:02:17'),
(1164, 34, 9, 1, 1, 1, '2023-06-13 23:02:17', '2023-06-13 23:02:17'),
(1165, 34, 10, 1, 1, 1, '2023-06-13 23:02:17', '2023-06-13 23:02:17'),
(1166, 34, 11, 1, 1, 1, '2023-06-13 23:02:17', '2023-06-13 23:02:17'),
(1167, 34, 12, 1, 1, 1, '2023-06-13 23:02:17', '2023-06-13 23:02:17'),
(1168, 34, 457, 1, 1, 1, '2023-06-13 23:02:17', '2023-06-13 23:02:17'),
(1169, 38, 1, 1, 1, 1, '2023-06-14 02:30:30', '2023-06-14 02:30:30'),
(1170, 38, 2, 1, 1, 1, '2023-06-14 02:30:30', '2023-06-14 02:30:30'),
(1171, 38, 3, 1, 1, 1, '2023-06-14 02:30:30', '2023-06-14 02:30:30'),
(1172, 38, 4, 1, 1, 1, '2023-06-14 02:30:30', '2023-06-14 02:30:30'),
(1173, 38, 5, 1, 1, 1, '2023-06-14 02:30:30', '2023-06-14 02:30:30'),
(1174, 38, 6, 1, 1, 1, '2023-06-14 02:30:30', '2023-06-14 02:30:30'),
(1175, 38, 7, 1, 1, 1, '2023-06-14 02:30:30', '2023-06-14 02:30:30'),
(1176, 38, 8, 1, 1, 1, '2023-06-14 02:30:30', '2023-06-14 02:30:30'),
(1177, 38, 9, 1, 1, 1, '2023-06-14 02:30:30', '2023-06-14 02:30:30'),
(1178, 38, 10, 1, 1, 1, '2023-06-14 02:30:30', '2023-06-14 02:30:30'),
(1179, 38, 11, 1, 1, 1, '2023-06-14 02:30:30', '2023-06-14 02:30:30'),
(1180, 38, 12, 1, 1, 1, '2023-06-14 02:30:30', '2023-06-14 02:30:30'),
(1181, 38, 457, 1, 1, 1, '2023-06-14 02:30:30', '2023-06-14 02:30:30'),
(1182, 39, 1, 1, 1, 1, '2023-06-14 02:37:49', '2023-06-14 02:37:49'),
(1183, 39, 2, 1, 1, 1, '2023-06-14 02:37:49', '2023-06-14 02:37:49'),
(1184, 39, 3, 1, 1, 1, '2023-06-14 02:37:49', '2023-06-14 02:37:49'),
(1185, 39, 4, 1, 1, 1, '2023-06-14 02:37:49', '2023-06-14 02:37:49'),
(1186, 39, 5, 1, 1, 1, '2023-06-14 02:37:49', '2023-06-14 02:37:49'),
(1187, 39, 6, 1, 1, 1, '2023-06-14 02:37:49', '2023-06-14 02:37:49'),
(1188, 39, 7, 1, 1, 1, '2023-06-14 02:37:49', '2023-06-14 02:37:49'),
(1189, 39, 8, 1, 1, 1, '2023-06-14 02:37:49', '2023-06-14 02:37:49'),
(1190, 39, 9, 1, 1, 1, '2023-06-14 02:37:49', '2023-06-14 02:37:49'),
(1191, 39, 10, 1, 1, 1, '2023-06-14 02:37:49', '2023-06-14 02:37:49'),
(1192, 39, 11, 1, 1, 1, '2023-06-14 02:37:49', '2023-06-14 02:37:49'),
(1193, 39, 12, 1, 1, 1, '2023-06-14 02:37:49', '2023-06-14 02:37:49'),
(1194, 39, 457, 1, 1, 1, '2023-06-14 02:37:49', '2023-06-14 02:37:49'),
(1195, 39, 13, 1, 1, 2, '2023-06-14 02:45:11', '2023-06-14 02:45:11'),
(1196, 39, 14, 1, 1, 2, '2023-06-14 02:45:11', '2023-06-14 02:45:11'),
(1197, 39, 15, 1, 1, 2, '2023-06-14 02:45:11', '2023-06-14 02:45:11'),
(1198, 39, 16, 1, 1, 2, '2023-06-14 02:45:11', '2023-06-14 02:45:11'),
(1199, 39, 17, 1, 1, 2, '2023-06-14 02:45:11', '2023-06-14 02:45:11'),
(1200, 39, 18, 1, 1, 2, '2023-06-14 02:45:11', '2023-06-14 02:45:11'),
(1201, 39, 19, 1, 1, 2, '2023-06-14 02:45:11', '2023-06-14 02:45:11'),
(1202, 41, 1, 1, 1, 1, '2023-06-24 21:40:18', '2023-06-24 21:40:18'),
(1203, 41, 2, 1, 1, 1, '2023-06-24 21:40:18', '2023-06-24 21:40:18'),
(1204, 41, 3, 1, 1, 1, '2023-06-24 21:40:18', '2023-06-24 21:40:18'),
(1205, 41, 4, 1, 1, 1, '2023-06-24 21:40:18', '2023-06-24 21:40:18'),
(1206, 41, 5, 1, 1, 1, '2023-06-24 21:40:18', '2023-06-24 21:40:18'),
(1207, 41, 6, 1, 1, 1, '2023-06-24 21:40:18', '2023-06-24 21:40:18'),
(1208, 41, 7, 1, 1, 1, '2023-06-24 21:40:18', '2023-06-24 21:40:18'),
(1209, 41, 8, 1, 1, 1, '2023-06-24 21:40:18', '2023-06-24 21:40:18'),
(1210, 41, 9, 1, 1, 1, '2023-06-24 21:40:18', '2023-06-24 21:40:18'),
(1211, 41, 10, 1, 1, 1, '2023-06-24 21:40:18', '2023-06-24 21:40:18'),
(1212, 41, 11, 1, 1, 1, '2023-06-24 21:40:18', '2023-06-24 21:40:18'),
(1213, 41, 12, 1, 1, 1, '2023-06-24 21:40:18', '2023-06-24 21:40:18'),
(1214, 41, 457, 1, 1, 1, '2023-06-24 21:40:18', '2023-06-24 21:40:18'),
(1215, 42, 1, 1, 1, 1, '2023-07-03 18:44:57', '2023-07-03 18:44:57'),
(1216, 42, 2, 1, 1, 1, '2023-07-03 18:44:57', '2023-07-03 18:44:57'),
(1217, 42, 3, 1, 1, 1, '2023-07-03 18:44:57', '2023-07-03 18:44:57'),
(1218, 42, 4, 1, 1, 1, '2023-07-03 18:44:57', '2023-07-03 18:44:57'),
(1219, 42, 5, 1, 1, 1, '2023-07-03 18:44:57', '2023-07-03 18:44:57'),
(1220, 42, 6, 1, 1, 1, '2023-07-03 18:44:57', '2023-07-03 18:44:57'),
(1221, 42, 7, 1, 1, 1, '2023-07-03 18:44:57', '2023-07-03 18:44:57'),
(1222, 42, 8, 1, 1, 1, '2023-07-03 18:44:57', '2023-07-03 18:44:57'),
(1223, 42, 9, 1, 1, 1, '2023-07-03 18:44:57', '2023-07-03 18:44:57'),
(1224, 42, 10, 1, 1, 1, '2023-07-03 18:44:57', '2023-07-03 18:44:57');

-- --------------------------------------------------------

--
-- Table structure for table `subjects`
--

CREATE TABLE `subjects` (
  `id` bigint(20) UNSIGNED NOT NULL,
  `name` varchar(255) COLLATE utf8mb4_unicode_ci DEFAULT NULL,
  `subject_code` varchar(255) COLLATE utf8mb4_unicode_ci DEFAULT NULL,
  `unit` int(11) DEFAULT NULL,
  `day` varchar(255) COLLATE utf8mb4_unicode_ci DEFAULT NULL,
  `time` varchar(255) COLLATE utf8mb4_unicode_ci DEFAULT NULL,
  `room` varchar(255) COLLATE utf8mb4_unicode_ci DEFAULT NULL,
  `modality` varchar(255) COLLATE utf8mb4_unicode_ci DEFAULT NULL,
  `teacher` varchar(255) COLLATE utf8mb4_unicode_ci DEFAULT NULL,
  `tuition` double(8,2) DEFAULT NULL,
  `course_id` bigint(20) UNSIGNED NOT NULL,
  `yearlevel_id` bigint(20) UNSIGNED NOT NULL,
  `semester_id` bigint(20) UNSIGNED NOT NULL,
  `created_at` timestamp NULL DEFAULT NULL,
  `updated_at` timestamp NULL DEFAULT NULL
) ENGINE=InnoDB DEFAULT CHARSET=utf8mb4 COLLATE=utf8mb4_unicode_ci;

--
-- Dumping data for table `subjects`
--

INSERT INTO `subjects` (`id`, `name`, `subject_code`, `unit`, `day`, `time`, `room`, `modality`, `teacher`, `tuition`, `course_id`, `yearlevel_id`, `semester_id`, `created_at`, `updated_at`) VALUES
(1, 'Mathematics in the Modern World ', 'GE 6114', 3, 'Tue', '2:00 - 5:00', '14', 'f2f', 'Salve San Isidro', 320.00, 1, 1, 1, '2023-04-26 22:01:49', '2023-06-03 16:22:37'),
(2, 'Understanding the Self', 'GE 6100', 3, 'Fri', '8:00-11:00', 'Hall', 'f2f', 'IC Tarrago', 320.00, 1, 1, 1, '2023-04-26 22:01:59', '2023-06-03 16:22:44'),
(3, 'Computer Programming 1', 'ITE 6102', 3, 'Fri', '11:00-2:00', 'CL', 'f2f', 'Arvic S. Babol', 320.00, 1, 1, 1, '2023-04-26 22:02:06', '2023-06-03 16:22:54'),
(4, 'Computer Programming 1 (Lab)', 'TE 6102', 1, 'Fri', '11:00-2:00 ', 'CL', 'f2f', 'Arvic S. Babol', 950.00, 1, 1, 1, '2023-04-26 22:02:13', '2023-06-03 16:23:02'),
(5, 'Kritika at na Pagbasa, Pagsulat at Pagsasalita', 'FILI 6201', 3, 'Sat', '11:00-2:00 ', '1', 'f2f', 'Teresita Pili', 320.00, 1, 1, 1, '2023-05-05 13:14:19', '2023-06-03 16:23:09'),
(6, 'Purposive Communication', 'GE 6106', 3, 'Sun', '8:00-11:00', '3', 'f2f', 'N. Malco', 320.00, 1, 1, 1, '2023-05-05 13:14:58', '2023-06-03 16:23:27'),
(7, 'Computing Fundamentals', 'ITE 6101 ', 3, 'Sun', '11:00-2:00', 'CL', 'f2f', 'MK. Erasga', 320.00, 1, 1, 1, '2023-05-05 13:16:25', '2023-06-03 16:23:38'),
(8, 'Computing Fundamentals (Lab)', ' ITE 6101', 1, 'Sun', '11:00-2:00', 'CL', 'f2f', 'MK Erasga', 950.00, 1, 1, 1, '2023-05-05 13:18:40', '2023-06-03 16:23:48'),
(9, 'Calculus 1', 'Math 6100', 3, 'Sun', '2:00-5:00', '5', 'f2f', 'Edna Montañez', 320.00, 1, 1, 1, '2023-05-05 13:20:03', '2023-06-03 16:23:56'),
(10, 'Euthenics', 'ETHNS 6101', 1, 'Tue', '1:00-2:00', '14', 'f2f', 'Salve San Isidro', 320.00, 1, 1, 1, '2023-05-05 13:20:51', '2023-06-03 16:24:03'),
(11, 'National Service Training Program 1', 'NSTP 6101', 3, 'Tue', '8:00-11:00', '14', 'f2f', 'Salve San Isidro', 320.00, 1, 1, 1, '2023-05-05 13:21:27', '2023-06-03 16:24:14'),
(12, 'PathFit', 'PHYED 6104', 2, 'Sat', '2:00-4:00 ', '7', 'f2f', 'R. Barroga', 320.00, 1, 1, 1, '2023-05-05 13:22:01', '2023-06-03 16:24:25'),
(13, 'Ethics', 'GE 6107', 3, 'Sat', '2:00 - 5:00', '6', 'f2f', 'HF. Andalis', 320.00, 1, 1, 2, '2023-05-06 13:38:59', '2023-06-03 16:24:49'),
(14, 'Computer Programming 2', 'ITE 6104', 3, 'Wed', '2:00 - 5:00', 'CL', 'f2f', 'J. Magistrado', 320.00, 1, 1, 2, '2023-05-06 13:44:29', '2023-06-03 16:24:55'),
(15, 'Computer Programming 2 (Lab)', 'ITE  6104 ', 1, 'Wed', '2:00 - 5:00', 'CL', 'f2f', 'J. Magistrado', 950.00, 1, 1, 2, '2023-05-06 13:45:31', '2023-06-03 16:25:03'),
(16, 'Discrete Structures 1', 'CS 6100 ', 3, 'Fri', '9:00 - 12:00 ', '', 'f2f', 'MK. Erasga', 320.00, 1, 1, 2, '2023-05-06 13:47:14', '2023-06-03 16:25:16'),
(17, 'Euthenics 2 ', 'ETHNS 6102', 1, '', '1:00 - 2:00', '6', 'f2f', 'S. San Isidro', 320.00, 1, 1, 2, '2023-05-06 13:48:55', '2023-06-03 16:25:22'),
(18, 'Physical Activities toward Health & Fitness 2  (Exercise-based Fitness Activities)', 'PHYED 6105', 2, 'Sat', '11:00 - 1:00', '5', 'f2f', 'R. Barroga', 320.00, 1, 1, 2, '2023-05-06 13:49:36', '2023-06-03 16:25:29'),
(19, 'NSTP 2', 'NSTP 6102', 3, 'Fri', '2:00 - 5:00', '6', 'f2f', 'S. San Isidro', 320.00, 1, 1, 2, '2023-05-06 13:50:36', '2023-06-03 16:25:36'),
(20, 'Data Management System 1', 'IT 6202', 3, 'Mon', '8:00-11:00', 'CL', 'f2f', 'A. Radislao', 350.00, 1, 2, 1, '2023-05-06 13:55:50', '2023-06-03 16:49:24'),
(21, 'Data Management System 1 (Lab)', 'IT  6202', 1, 'Mon', '8:00-11:00 ', 'CL', 'f2f', 'A. Radislao', 950.00, 1, 2, 1, '2023-05-06 14:00:00', '2023-06-03 16:49:42'),
(22, 'Discrete Structures 2', 'CS 6201', 3, 'Thurs', '9:30-12:30', 'CL', 'f2f', 'Arvic Babol', 350.00, 1, 2, 1, '2023-05-06 14:01:17', '2023-06-03 16:49:58'),
(23, 'Discrete Structures 2 (Lab)', 'CS  6201', 1, 'Thurs ', '9:30-12:30', 'CL', 'f2f', 'Arvic Babol', 950.00, 1, 2, 1, '2023-05-06 14:04:05', '2023-06-03 16:50:14'),
(24, 'Data Structures & Algorithms', 'ITE 6201', 3, 'Sat', '8:00-11:00', 'CL', 'f2f', 'A. Ibarreta', 350.00, 1, 2, 1, '2023-05-06 14:05:48', '2023-06-03 16:50:27'),
(25, 'Data Structures & Algorithms (Lab)', 'ITE  6201', 1, 'Sat', '8:00-11:00', 'CL', 'f2f', 'A. Ibarreta', 950.00, 1, 2, 1, '2023-05-06 14:06:46', '2023-06-03 16:50:55'),
(26, 'Data Communication and Networking 1 ', 'IT 6201', 3, 'Sat', '11:00-2:00', 'TL', 'f2f', 'A. Achacon', 350.00, 1, 2, 1, '2023-05-06 14:07:38', '2023-06-03 16:51:09'),
(27, 'Data Communication and Networking 1 (Lab)', 'IT  6201', 1, 'Sat', '11:00-2:00', 'TL', 'f2f', 'A. Achacon', 950.00, 1, 2, 1, '2023-05-06 14:09:02', '2023-06-03 16:51:43'),
(28, 'Introduction to Human Computer Interaction', 'CS 6200', 3, 'Sat', '2:00-5:00', 'TL 1', 'f2f', 'M. Bañaria', 350.00, 1, 2, 1, '2023-05-06 14:12:45', '2023-06-03 16:52:00'),
(29, 'Introduction to Human Computer Interaction (Lab)', 'CS  6200 ', 1, 'Sat', '2:00-5:00', 'TL 1', 'f2f', 'M. Bañaria', 950.00, 1, 2, 1, '2023-05-06 14:13:35', '2023-06-03 16:52:14'),
(30, 'Object-Oriented Programming', 'CS 6203', 3, 'Tue', '2:00 - 5:00', 'CL', 'f2f', 'E.Galvante', 350.00, 1, 2, 2, '2023-05-07 21:24:05', '2023-06-03 16:52:45'),
(31, 'Object-Oriented Programming(Lab)', 'S 6203', 1, 'Tue', '2:00 - 5:00', 'CL', 'f2f', 'E.Galvante', 950.00, 1, 2, 2, '2023-05-07 21:29:55', '2023-06-03 16:54:01'),
(32, 'Application Development and Emerging Technology', 'ITE 6200', 3, 'Mon', '11:00 - 2:00', 'CL', 'f2f', 'A.Radislao', 350.00, 1, 2, 2, '2023-05-07 21:32:07', '2023-06-03 16:54:20'),
(33, 'Application Development and Emerging Technology(Lab)', 'TE 6200', 1, 'Mon', '11:00 - 2:00', 'CL', 'f2f', 'A.Radislao', 950.00, 1, 2, 2, '2023-05-07 21:33:31', '2023-06-03 16:54:38'),
(34, 'Algorithms and Complexity', 'CS 6202', 3, 'Sun', '8:00 - 11:00', '5', 'f2f', 'A.Ibarreta', 350.00, 1, 2, 2, '2023-05-07 21:35:24', '2023-06-03 16:55:03'),
(35, 'Data Communication and Networking 2', 'ITE 6223', 3, 'Mon', '2:00 - 5:00', 'TL', 'f2f', 'A.Achacon', 350.00, 1, 2, 2, '2023-05-07 21:37:23', '2023-06-03 16:55:17'),
(36, 'Data Communication and Networking 2(Lab)', 'TE 6223', 1, 'Mon', '2:00 - 5:00', 'TL', 'f2f', 'A.Achacon', 950.00, 1, 2, 2, '2023-05-07 21:38:50', '2023-06-03 16:55:38'),
(37, 'Current Trends and Issues', 'COMP 6103', 3, 'Sun', '11:00 - 2:00', '1', 'f2f', 'J.Magistrado', 350.00, 1, 2, 2, '2023-05-07 21:40:57', '2023-06-03 16:55:52'),
(38, 'Current Trends and Issues(Lab)', 'OMP 6103', 1, 'Sun', '11:00 - 2:00', '1', 'f2f', 'J.Magistrado', 950.00, 1, 2, 2, '2023-05-07 21:42:22', '2023-06-03 16:56:15'),
(39, 'Logic Design & Digital Computer Circuits', 'CS6301', 3, 'Sun', '2:00 - 5:00', 'CL', 'f2f', 'MK.Erasga', 350.00, 1, 2, 2, '2023-05-07 21:44:48', '2023-06-03 16:57:05'),
(40, 'Logic Design & Digital Computer Circuits(Lab)', 'S 6301', 1, 'Sun', '2:00 - 5:00', 'CL', 'f2f', 'M.Erasga', 950.00, 1, 2, 2, '2023-05-07 21:46:09', '2023-06-03 16:57:24'),
(41, 'Information Management', 'ITE 6220', 3, 'Sat', '11:00 - 2:00', 'CL', 'f2f', 'M.Bañaria', 350.00, 1, 2, 2, '2023-05-07 21:48:55', '2023-06-03 16:57:38'),
(42, 'Information Management(Lab)', 'TE 6220', 1, 'Sun', '11:00 - 2:00', 'CL', 'f2f', 'M.Bañaria', 950.00, 1, 2, 2, '2023-05-07 21:51:59', '2023-06-03 16:57:53'),
(43, 'Team Sports', 'PHYED 6200', 2, 'Sat', '8:00 - 10:00', '4', 'f2f', 'E.Magistrado', 350.00, 1, 2, 2, '2023-05-07 21:55:35', '2023-06-03 16:58:07'),
(44, 'Software Engineering 1', 'CS 6209', 3, 'Mon', '11:00 - 2:00', 'CL', 'f2f', 'A.Radislao', 350.00, 1, 3, 1, '2023-05-07 21:58:39', '2023-06-03 16:45:34'),
(45, 'Software Engineering 1(Lab)', 'CS  6209', 1, 'Mon', '11:00 - 2:00', 'CL', 'f2f', 'A.Radislao', 950.00, 1, 3, 1, '2023-05-07 21:59:49', '2023-06-03 16:46:04'),
(46, 'Information Assurance & Security 1', 'IT6205 A', 3, 'Tue', '8:00 - 11:00', 'CL', 'f2f', 'E.Galvante', 350.00, 1, 3, 1, '2023-05-07 22:01:36', '2023-06-03 16:46:28'),
(47, 'Information Assurance & Security 1(Lab)', 'IT  6205 A', 1, 'Tue', '8:00 - 11:00', 'CL', 'f2f', 'E.Galvante', 950.00, 1, 3, 1, '2023-05-07 22:03:57', '2023-06-03 16:46:43'),
(48, 'Computer Architecture w/ Compiler', 'CS 6209 A', 3, 'Tue', '11:00 - 2:00', 'CL', 'f2f', 'M.Bañaria', 350.00, 1, 3, 1, '2023-05-07 22:08:15', '2023-06-03 16:47:06'),
(49, 'Computer Architecture w/ Compiler(Lab)', 'CS 6209 g', 1, 'Fri', '8:00 - 11:00', 'CL', 'f2f', 'M.Bañaria', 950.00, 1, 3, 1, '2023-05-07 22:12:25', '2023-06-03 16:47:24'),
(50, 'Social and Professional Issues', 'ITE 6202', 3, 'Fri', '11:00 - 2:00', '1', 'f2f', '0.Jasmin', 350.00, 1, 3, 1, '2023-05-07 22:15:20', '2023-06-03 16:47:49'),
(51, 'Web Application Development', 'IT 6314', 3, 'Fri', '2:00 - 5:00', 'CL', 'f2f', 'A.Babol', 350.00, 1, 3, 1, '2023-05-07 22:17:57', '2023-06-03 16:48:12'),
(52, 'Web Application Development(Lab)', 'IT  6314', 1, 'Fri', '11:00 - 5:00', 'CL', 'f2f', 'A.Babol', 950.00, 1, 3, 1, '2023-05-07 22:19:09', '2023-06-03 16:48:30'),
(53, 'Automata Theory & Formal Languages', 'CS 6205', 3, 'Sat', '2:00 - 5:00', 'CL', 'f2f', 'V.Velasquez', 350.00, 1, 3, 1, '2023-05-07 22:22:08', '2023-06-03 16:48:49'),
(54, 'Software Engineering 2', 'CS 6300', 3, 'Fri', '2:00 - 5:00', 'CL', 'f2f', 'A.Babol', 350.00, 1, 3, 2, '2023-05-08 15:05:37', '2023-06-03 16:49:37'),
(55, 'Software Engineering 2(Lab)', 'CS  6300', 1, 'Fri', '2:00  - 5:00', 'CL', 'f2f', 'A.Babol', 950.00, 1, 3, 2, '2023-05-08 15:07:27', '2023-06-03 16:50:01'),
(56, 'Pagsasaling Pampanitikan', 'FILI 6301', 3, 'Tue', '9:00 - 12:00', '14', 'f2f', 'S.Aballa', 350.00, 1, 3, 2, '2023-05-08 15:09:12', '2023-06-03 16:50:21'),
(57, 'Principles of Operating Systems and its Application', 'CS 6206', 3, 'MN', '5:00 - 6:30', 'CL', 'f2f', 'MK.Erasga', 350.00, 1, 3, 2, '2023-05-08 15:12:52', '2023-06-03 16:50:38'),
(58, 'Principles of Operating Systems and its Application(Lab)', 'CS  6206', 1, 'Fri', '5:00 - 6:00', 'CL', 'f2f', 'MK.Erasga', 950.00, 1, 3, 2, '2023-05-08 15:14:29', '2023-06-03 16:51:01'),
(59, 'Cloud Computing and the Internet of Things', 'ITE 6300', 3, 'Sat', '2:00 - 5:00', 'CL', 'f2f', 'M.Bañaria', 350.00, 1, 3, 2, '2023-05-08 15:16:50', '2023-06-03 16:51:22'),
(60, 'Cloud Computing and the Internet of Things', 'ITE  6630', 1, 'Sat', '2:00 - 5:00', 'CL', 'f2f', 'M.Bañaria', 950.00, 1, 3, 2, '2023-05-08 15:18:19', '2023-06-03 16:52:23'),
(61, 'Free Elective (Living in the IT Era)', 'GE 6221', 3, 'Tue', '2:00 - 5:00', '14', 'f2f', 'MK.Erasga', 350.00, 1, 3, 2, '2023-05-08 15:20:09', '2023-06-03 16:52:53'),
(62, 'Major Elcetive 2(Web Application)', 'IT 6315', 3, 'Mon', '2:00 - 5:00', 'CL', 'f2f', 'A.Radislao', 350.00, 1, 3, 2, '2023-05-08 15:22:06', '2023-06-03 16:53:15'),
(63, 'Major Elcetive 2(Web Application)(Lab)', 'IT  6315', 1, 'Mon', '2:00 - 5:00', 'CL', 'f2f', 'A.Radislao', 950.00, 1, 3, 2, '2023-05-08 15:24:26', '2023-06-03 16:53:39'),
(64, 'Technopreneruship', 'ITE 6301', 3, 'Sun', '2:00 - 5:00', '7', 'f2f', 'M.Bañaria', 350.00, 1, 4, 2, '2023-05-08 15:27:39', '2023-05-11 15:07:24'),
(65, 'Life and Works of Rizal', 'GE 6300', 3, 'Sat', '2:00 - 5:00', '3', 'f2f', 'T.Pili', 350.00, 1, 4, 2, '2023-05-08 15:28:57', '2023-05-11 15:07:36'),
(66, 'Unified Functional Testing', 'CS 6306', 3, 'Sat', '8:00 - 11:00', 'TL', 'f2f', 'M.Bañaria', 350.00, 1, 4, 2, '2023-05-08 15:30:57', '2023-06-03 16:46:27'),
(67, 'Unified Functional Testing(Lab)', 'CS  6306', 1, 'Sat', '8:00 - 11:00', 'TL', 'f2f', 'M.Bañaria', 950.00, 1, 4, 2, '2023-05-08 15:32:47', '2023-06-03 16:46:51'),
(68, 'CS Design Project 2', 'CS 6399', 3, 'Sun', '11:00 - 2:00', '7', 'f2f', 'A.Ibarreta', 350.00, 1, 4, 2, '2023-05-08 15:35:07', '2023-05-11 15:07:45'),
(69, 'CS Practicum (162 hrs)', 'CS 6305', 3, 'Mon', '11:00 - 2:00', 'TL 2', 'f2f', 'S.San Isidro', 350.00, 1, 4, 1, '2023-05-08 15:39:33', '2023-05-11 15:08:21'),
(70, 'Mobile Application', 'CS 6323', 3, 'Mon', '2:00 - 5:00', 'CL', 'f2f', 'A.Radislao', 350.00, 1, 4, 1, '2023-05-08 15:41:30', '2023-06-03 17:02:01'),
(71, 'Mobile Application (Lab)', 'CS  6323', 1, 'Mon', '2:00 - 5:00', 'CL', 'f2f', 'A.Radislao ', 950.00, 1, 4, 1, '2023-05-08 15:42:54', '2023-06-03 17:02:28'),
(72, 'Science, Technology and Society', 'GE 6116', 3, 'Thrus', '1:00 - 4:00', '8', 'f2f', 'N.Margate', 350.00, 1, 4, 1, '2023-05-08 15:44:37', '2023-05-11 15:08:32'),
(73, 'CS Design Project 1', 'CS 6398', 3, 'Sun', '8:00 - 11:00', 'CL', 'f2f', 'A.Ibarreta', 350.00, 1, 4, 1, '2023-05-08 15:47:24', '2023-06-03 17:04:51'),
(74, 'CS Design Project 1 (Lab)', 'CS  6398 ', 1, 'Sun', '8:00 - 11:00', 'CL', 'f2f', 'A.Ibarreta', 950.00, 1, 4, 1, '2023-05-08 15:48:57', '2023-06-03 17:05:03'),
(75, 'Load Testing', 'CS 6303', 3, 'Sat', '11:00 - 2:00', 'TL 2', 'f2f', 'M.Bañaria', 350.00, 1, 4, 1, '2023-05-08 15:50:13', '2023-06-03 17:05:13'),
(76, 'Load Testing(Lab)', 'CS  6303 ', 1, 'Sat', '11:00 - 2:00', 'TL 2', 'f2f', 'M.Bañaria', 950.00, 1, 4, 1, '2023-05-08 15:52:16', '2023-06-03 17:05:26'),
(77, 'Modelling and Simulation', 'CS 6304', 3, 'Sun', '2:00 - 5:00', 'CL', 'f2f', 'A.Ibarreta', 350.00, 1, 4, 1, '2023-05-08 15:53:49', '2023-06-03 17:05:42'),
(78, 'Modelling and Simulation', 'CS  6304', 1, 'Sun', '2:00 - 5:00', 'CL', 'f2f', 'A.Ibarreta', 950.00, 1, 4, 1, '2023-05-08 15:55:01', '2023-06-03 17:05:51'),
(79, 'Production and Operations Management', 'MGT 6140A', 3, 'Sat', '11:00 -12:00', '3', 'f2f', 'C. Contreras', 320.00, 3, 1, 2, '2023-05-13 23:07:19', '2023-06-03 16:28:20'),
(80, 'Understanding the Self', 'GE6100', 3, 'Fri', '8:00 - 11:00', 'Hall', 'f2f', 'IC Tarrago', 320.00, 2, 1, 1, '2023-05-13 23:10:42', '2023-06-03 16:25:51'),
(81, 'Fundamentals of Accounting Theory & Practice 1B', 'ACTG 6153B', 3, 'Sun', '8:00-11:00', '1', 'f2f', 'B. Castañeda', 320.00, 3, 1, 2, '2023-05-13 23:10:49', '2023-06-03 16:28:26'),
(82, 'Events Planning', 'HMS 63023', 3, 'Mon', '8:00-11:00', '14', 'f2f', 'B. Villar', 350.00, 3, 3, 1, '2023-05-13 23:11:27', '2023-06-03 16:55:21'),
(83, 'Computer Programming 1', 'ITE  6102', 3, 'Fri', '8:00-11:00', 'CL', 'f2f', 'Arvic Babol', 320.00, 4, 1, 1, '2023-05-13 23:13:23', '2023-06-03 16:32:56'),
(84, 'Computer Programming 1 (Lab)', ' ITE 6102', 1, 'Fri', '8:00-11:00', 'CL', 'f2f', 'Arvic Babol', 950.00, 4, 1, 1, '2023-05-13 23:14:17', '2023-06-03 16:44:50'),
(85, 'International business and Trade', 'BAMM6301', 3, 'Mon', '3:00-6:00', '14', 'f2f', 'E. Joven', 350.00, 3, 3, 1, '2023-05-13 23:14:59', '2023-06-03 16:55:35'),
(86, 'Fundamentals of Accounting Theory & Practice 1B (Lab)', 'ACTG  6153B', 1, 'Sun', '08:00/11:00', '1', 'f2f', 'B. Castañeda', 950.00, 3, 1, 2, '2023-05-13 23:16:53', '2023-06-03 16:28:03'),
(87, 'Elective 2-Events management', 'OFAD 6301', 3, 'Fri', '12:00-3:00', '3', 'f2f', 'E.Sirios', 350.00, 3, 3, 1, '2023-05-13 23:18:55', '2023-06-03 16:55:58'),
(88, 'The Contemporary World', 'GE 6102', 3, 'Sun', '02:00-05:00', '1', 'f2f', 'Erma Magistrado', 320.00, 3, 1, 2, '2023-05-13 23:19:23', '2023-06-03 16:28:37'),
(89, 'Economic Development', 'ECON 6152', 3, 'Sat', '2:00 - 5:00', 'Rm 4', 'f2f', 'C. Contreras', 320.00, 2, 1, 1, '2023-05-13 23:21:34', '2023-06-03 16:25:56'),
(90, 'Entrepreneurial Behavior', 'ENTR 6149', 3, 'Fri', '08:00-11:00', '1', 'f2f', 'Jr. Gabalfin', 320.00, 3, 1, 2, '2023-05-13 23:22:22', '2023-06-03 16:28:49'),
(91, 'Reading in Philippine History', 'GE 6101', 3, 'Sun', '11:00-02:00', '1', 'f2f', 'Erma Magistrado', 320.00, 3, 1, 2, '2023-05-13 23:24:30', '2023-06-03 16:28:55'),
(92, 'Elective 3-Wholesale and retail sales Management', 'ENTR 6263', 3, 'Fri', '3:00-6:00', '2', 'f2f', 'JR. Gabalfin', 350.00, 3, 3, 1, '2023-05-13 23:24:36', '2023-06-03 16:56:14'),
(93, 'Mathematics in the Modern World', 'GE  6114', 3, 'Sat ', '08:00-11:00', '7', 'f2f', 'S. San Isidro', 320.00, 3, 1, 2, '2023-05-13 23:26:14', '2023-06-03 16:29:00'),
(94, 'Production Operation Management & TQM', 'MGT  6140A', 3, 'Thur', '2:00 - 5:00', 'Incubator Room', 'f2f', 'JR Gabalfin', 320.00, 2, 1, 1, '2023-05-13 23:28:14', '2023-06-03 16:26:02'),
(95, 'Euthenics 2', 'ETHNS  6102', 1, 'Fri', '11:00-12:00', '2', 'f2f', 'S. San Isidro ', 320.00, 3, 1, 2, '2023-05-13 23:28:18', '2023-06-03 16:29:06'),
(96, 'Pricing and Costing', 'MKTG 6256', 3, '3', '11:00 -12:00', '3', 'f2f', 'E. Joven', 350.00, 3, 3, 1, '2023-05-13 23:29:55', '2023-06-03 16:56:26'),
(97, 'Reading in the Philippine History', 'GE  6101', 3, 'Sun', '8:00 - 11:00', 'Rm 1', 'f2f', 'E. Magistrado', 320.00, 2, 1, 1, '2023-05-13 23:30:11', '2023-06-03 16:26:09'),
(98, 'The Contemporary world', 'GE  6102', 3, 'Sun', '11:00 - 2:00', 'Rm 5', 'f2f', 'E. Magistrado', 320.00, 2, 1, 1, '2023-05-13 23:31:44', '2023-06-03 16:26:17'),
(99, 'Euthenics', 'ETHNS  6101', 1, 'Fri', '11:00 - 12:00', 'Hall', 'f2f', 'S. San Isidro', 320.00, 2, 1, 1, '2023-05-13 23:33:31', '2023-06-03 16:26:23'),
(100, 'Market Research & Consumer Behavior', 'MKTG 62254', 3, 'Mon ', '08:00-10:00 /  11:00- 12:00', '14', 'f2f', 'JR. Gabalfin', 350.00, 3, 2, 2, '2023-05-13 23:33:35', '2023-06-03 16:51:06'),
(101, 'Kritikal na Pagbasa, Pagsulat at Pagsasalita', ' FILI 6201', 3, 'Sat', '2:00-5:00', '3', 'f2f', 'T. Pili', 350.00, 3, 3, 1, '2023-05-13 23:34:47', '2023-06-03 16:56:39'),
(102, 'Innovation Management ', 'MGT 6225', 3, 'Fri', '11:00-02:00', '1', 'f2f', 'JR. Gabalfin', 350.00, 3, 2, 2, '2023-05-13 23:35:14', '2023-06-03 16:51:11'),
(103, 'Science Technology & Society', 'GE  6116', 3, 'Thur', '1:00 - 4:00', 'Rm 8', 'f2f', 'N. Margate', 350.00, 2, 2, 1, '2023-05-13 23:37:23', '2023-05-15 22:25:08'),
(104, 'Elective 1- Hospitality Management', 'ENTR 6260', 3, 'Fri ', '02:00-05:00', '3', 'f2f', 'R. Villar', 350.00, 3, 2, 2, '2023-05-13 23:37:45', '2023-06-03 16:51:53'),
(105, 'National Service Trainning Program2', 'NSTP6102', 3, 'Mon', '12:00-3:00', '14', 'f2f', 'S. San Isidro', 350.00, 3, 3, 1, '2023-05-13 23:38:08', '2023-06-03 16:56:58'),
(106, 'Conceptual Framework  & Accounting Standards', 'ACCTFG  6143', 3, 'Sat', '12:30 - 3:30', 'Rm 2', 'f2f', 'A. Moran', 350.00, 2, 2, 1, '2023-05-13 23:39:29', '2023-05-15 22:25:15'),
(107, 'Professional Elective 1- Updates in Information System 1', 'IS 6371 ', 3, 'Tue', '2:00-5:00', 'CL', 'f2f', 'MK Erasga', 350.00, 2, 4, 1, '2023-05-13 23:40:47', '2023-06-03 16:57:36'),
(108, 'Rhythmic Activities', 'PHYED 6102', 2, 'Sat', '8:00-10:00', '3', '', 'E. Magistrado', 350.00, 3, 3, 1, '2023-05-13 23:41:12', '2023-06-03 16:57:19'),
(109, 'Programs and Policies on Enterprise Dev\'te', 'ENTR 6391', 3, 'Mon', '12:00-03:00', '14', 'f2f', 'O. Jasmin', 350.00, 3, 2, 2, '2023-05-13 23:41:29', '2023-06-03 16:52:00'),
(110, 'Cost Accounting and Control System', 'AACT 6144', 3, 'Sat', '3:30 - 6:30', '2', 'f2f', 'JM Bristatin', 350.00, 2, 2, 1, '2023-05-13 23:42:11', '2023-05-15 22:25:25'),
(111, 'Wika, Lipunan at Kultura ', 'FILI  6101', 3, 'Sat', '08:00-11:00', '3', 'f2f', 'T. Pili', 350.00, 3, 2, 2, '2023-05-13 23:43:37', '2023-06-03 16:52:07'),
(112, 'Professional Elective 1- Updates in Information  System 1 (Lab)', 'IS  6371', 1, 'Tue', '2:00-5:00', 'CL', 'f2f', 'MK Erasga', 950.00, 2, 4, 1, '2023-05-13 23:43:39', '2023-06-03 16:57:30'),
(113, 'Strategic Management', 'MGT 6370', 3, 'Fri', '8:00-11:00', 'Rm1', 'f2f', 'O. Jasmin', 350.00, 2, 4, 1, '2023-05-13 23:45:12', '2023-06-03 16:57:43'),
(114, 'Physical Fitness', 'PHYED 6101', 2, 'Sat', '12:00-02:00', '4', 'f2f', 'E. Magistrado', 350.00, 3, 2, 2, '2023-05-13 23:45:14', '2023-06-03 16:52:12'),
(115, 'Professional Elective 5- International Economics', 'ECON 6254', 3, 'Fri', '11:00-2:00', 'Rm 2', 'f2f', 'E. Joven', 350.00, 2, 4, 1, '2023-05-13 23:46:31', '2023-06-03 16:57:49'),
(116, 'Business Ethics with Social Responsibility', 'ETHICS 6374', 3, 'Sun', '8:00 - 11:00', 'Rm 2', 'f2f', 'H. Andalis', 350.00, 2, 2, 1, '2023-05-13 23:46:37', '2023-05-15 22:25:33'),
(117, 'National Service Training Program 2', 'NSTP  6101', 3, 'Fri', '08:00-11:00', '2', 'f2f', 'S. San Isidro', 350.00, 3, 2, 2, '2023-05-13 23:46:51', '2023-06-03 16:52:17'),
(118, 'Enterprise Resource Planning System', 'MGT 6369', 3, 'Sat', '12:30-3:30', 'Rm 8', 'f2f', 'JR Gabalfin', 350.00, 2, 4, 1, '2023-05-13 23:47:58', '2023-06-03 16:58:05'),
(119, 'Ethics', 'GE  6107', 3, 'Sun', '11:00 - 2:00', '2', 'f2f', 'H.Andalis', 350.00, 2, 2, 1, '2023-05-13 23:48:33', '2023-05-15 22:24:56'),
(120, 'Professional Elective 4- Risk Management &  Internal Control ', 'MGT 6266', 3, 'Sat', '3:30-6:30', 'Rm 8', 'f2f', 'A. Moran', 350.00, 2, 4, 1, '2023-05-13 23:49:24', '2023-06-03 16:58:12'),
(121, 'Business Plan Preparation', 'ENTR 6262', 3, 'Fri', '02:00-05:00', '1', 'f2f', 'JR. Gabalfin', 350.00, 3, 3, 2, '2023-05-13 23:49:25', '2023-06-03 16:58:30'),
(122, 'Professional Elective 2 - Financial Modelling & Valuation', 'IS 6376', 3, 'Sun', '8:00-11:00', 'Rm 8', 'f2f', 'B. Castaneda', 350.00, 2, 4, 1, '2023-05-13 23:51:46', '2023-06-03 16:58:20'),
(123, 'Specialized Track 2 Product Design & Dev\'t', '0   ', 3, 'Fri', '08:00-11:00', '3', 'f2f', 'R. Villar', 350.00, 3, 3, 2, '2023-05-13 23:52:01', '2023-06-03 16:58:46'),
(124, 'Management Information System', 'IS 6378', 3, 'Sun', '11:00-2:00', 'TL', 'f2f', 'A. Ibarreta', 350.00, 2, 4, 1, '2023-05-13 23:53:49', '2023-06-03 16:58:55'),
(125, 'Mathematics in the Modern World', ' GE 6102', 3, 'Tue', '8:00-11:00', 'C14', 'f2f', 'S. San Isidro', 320.00, 4, 1, 1, '2023-05-13 23:54:33', '2023-06-03 16:44:39'),
(126, 'Management Information System (Lab)', 'IS  6368', 1, 'Sun', '11:00-2:00', 'TL', 'f2f', 'A. Ibarreta', 950.00, 2, 4, 1, '2023-05-13 23:54:55', '2023-06-03 16:58:50'),
(127, 'Elective 4 - Export Marketing', 'MKTG 6392', 3, 'Wed  / Fri', '12:00-01:00 / 12:00-01:30', '14 / 2', 'f2f', 'E. Joven', 350.00, 3, 3, 2, '2023-05-13 23:55:06', '2023-06-03 16:59:04'),
(128, 'Data Warehousing and Management', 'IT 6367', 3, '', '', '', 'f2f', '', 350.00, 2, 4, 1, '2023-05-13 23:55:47', '2023-06-03 16:59:11'),
(129, 'Data Warehousing and Management (Lab)', 'IT  6367', 1, '', '', '', 'f2f', '', 950.00, 2, 4, 1, '2023-05-13 23:56:31', '2023-06-03 16:59:04'),
(130, 'Professional Elective 3- Business Analytics', 'MGT 6375', 3, '', '', '', 'f2f', '', 350.00, 2, 4, 1, '2023-05-13 23:57:04', '2023-06-03 16:59:27'),
(131, 'Understanding the Self', 'Ge', 3, 'Tue', '2:00-5:00', 'Library', 'f2f', '', 320.00, 4, 1, 1, '2023-05-13 23:57:28', '2023-06-03 16:33:19'),
(132, 'Income Taxation', 'TAX 6148', 3, 'Sun', '2:00-5:00', '3', 'f2f', 'B. Castaneda', 350.00, 2, 2, 1, '2023-05-13 23:57:44', '2023-05-15 22:24:37'),
(133, 'Strategic Management', 'MKTG  6392', 3, 'Sat ', '08:00-11:00', '1', 'f2f', 'JR. Gabalfin', 350.00, 3, 3, 2, '2023-05-13 23:58:04', '2023-06-03 16:59:22'),
(134, 'Team Sports', 'PHYED  6200', 2, 'Sat', '10:00-12:00', 'Rm 5', 'f2f', 'E. Magistrado', 350.00, 2, 4, 1, '2023-05-13 23:58:45', '2023-06-03 16:59:32'),
(135, 'Pagsasaling Pampanitikan', 'FILI  6301', 3, 'Tue', '09:00-12:00', '14', 'f2f', 'S. Aballa ', 350.00, 3, 3, 2, '2023-05-14 00:00:13', '2023-06-03 16:59:45'),
(136, 'Management Science ', 'MGT 6267', 3, '     ', '      ', '      ', 'online', '     ', 350.00, 2, 2, 1, '2023-05-14 00:01:20', '2023-05-15 22:24:14'),
(137, 'Life and Works of Rizal', 'GE  6300', 3, 'Sat', '11:00-02:00', '2', 'f2f', 'T. Pili', 350.00, 3, 3, 2, '2023-05-14 00:01:50', '2023-06-03 17:00:49'),
(138, 'Application Development & Emerging Tecnologies', 'ITE  6200', 3, 'Wed', '9:30-12:30', 'CL', 'f2f', 'A. Babol', 350.00, 4, 2, 1, '2023-05-14 00:02:41', '2023-06-03 16:48:31'),
(139, 'Application Development & Emerging Tecnologies (Lab)', ' ITE 6200', 1, 'Wed', '9:30-12:30', 'CL', 'f2f', 'A. Babol', 950.00, 4, 2, 1, '2023-05-14 00:04:29', '2023-06-03 16:53:14'),
(140, 'Individual / Dual Sports', 'PHYED  6103', 2, 'Sat', '02:00-04:00', '4', 'f2f', 'E. Magistrado', 350.00, 3, 3, 2, '2023-05-14 00:04:29', '2023-06-03 17:01:07'),
(141, 'Information Management', ' ITE 6220', 3, 'Fri', '8:00-11:00', 'TL 2', 'f2f', 'E. Galvante', 350.00, 4, 2, 1, '2023-05-14 00:06:31', '2023-06-03 16:49:21'),
(142, 'Social Entreprenership', 'ENTR  6393', 3, 'Fri', '11:00-02:00', '3', 'f2f', 'R. Villar', 350.00, 3, 4, 2, '2023-05-14 00:07:15', '2023-06-03 17:02:08'),
(143, 'Information Management (Lab)', ' ITE  6220', 1, 'Fri', '8:00-11:00', 'TL 2', 'f2f', 'E. Galvante', 950.00, 4, 2, 1, '2023-05-14 00:07:37', '2023-06-03 16:52:48'),
(144, 'Principles of Operating Systems', ' CS  6206', 3, 'Fri', '4:00-5:00', 'CL', 'f2f', 'M. Bañaria', 350.00, 4, 2, 1, '2023-05-14 00:08:44', '2023-06-03 16:50:04'),
(145, 'Business Plan Implementation 2', 'ENTR  6321', 5, 'Sat', '02:00-05:00', '8', 'f2f', 'JR. Gabalfin', 350.00, 3, 4, 2, '2023-05-14 00:08:49', '2023-06-03 17:02:21'),
(146, 'Art Appreciation ', 'GE 6115', 3, 'Fri', '3:00-6:00', '3', 'f2f', 'MV Barayoga', 320.00, 4, 1, 1, '2023-05-14 00:08:52', '2023-06-03 16:45:28'),
(147, 'PE 4 Team Sports', 'PHYED   6200', 2, 'Sat', '08:00-10:00', '4', 'f2f', 'E. Magistrado', 350.00, 3, 4, 2, '2023-05-14 00:10:59', '2023-06-03 17:02:34'),
(148, 'Principles of Operating Systems (Lab)', 'CS   6206 ', 1, 'Fri', ' 4:00-5:00', 'CL', 'f2f', 'M. Bañaria', 950.00, 4, 2, 1, '2023-05-14 00:11:51', '2023-06-03 16:54:00'),
(149, 'Social and Professional Issues', ' ITE 6202', 3, 'Fri', '2:00-5:00', '1', 'f2f', 'O. Jasmin', 350.00, 4, 2, 1, '2023-05-14 00:13:04', '2023-06-03 16:50:57'),
(150, 'Data Communication and Networking 1 ', 'IT 6201B', 3, 'Sat', '8:00-11:00', 'TL 1', 'f2f', 'A. Achacon', 350.00, 4, 2, 1, '2023-05-14 00:14:09', '2023-06-03 16:54:33'),
(151, 'Kritikal at na Pagbasa, at Pagsasalita', ' FILI  6201', 3, 'Sat', '2:00-5:00', '3', 'f2f', 'T. PILI', 320.00, 4, 1, 1, '2023-05-14 00:14:54', '2023-06-03 16:45:36'),
(152, 'Data Communication and Networking 1 (Lab)', 'IT  6201B ', 1, 'Sat', '8:00-11:00', 'TL 1', 'f2f', 'A. Achacon', 950.00, 4, 2, 1, '2023-05-14 00:15:13', '2023-06-03 16:55:04'),
(153, 'Data Structures & Algorithms', 'ITE   6201', 3, 'Sat', '11:00-2:00', 'CL', 'f2f', 'A. Ibarreta', 350.00, 4, 2, 1, '2023-05-14 00:16:29', '2023-06-03 16:55:33'),
(154, 'Data Structures & Algorithms (Lab)', ' ITE 6201', 1, 'CL', '11:00-2:00', 'CL', 'f2f', 'A. Ibarreta', 950.00, 4, 2, 1, '2023-05-14 00:17:48', '2023-06-03 16:56:07'),
(155, 'Database Management System 1', ' IT 6202', 3, 'CL', '2:00-5:00', 'CL', 'f2f', 'A. Radislao', 350.00, 4, 2, 1, '2023-05-14 00:18:55', '2023-06-03 16:58:30'),
(156, 'Database Management System 1 (Lab)', ' IT  6202', 1, 'Sat', '2:00-5:00', 'CL', 'f2f', 'A. Radislao', 950.00, 4, 2, 1, '2023-05-14 00:19:56', '2023-06-03 16:59:04'),
(157, 'Computing Fundamental', 'ITE  6101', 3, 'Sun', '8:00-11:00', 'CL', '', 'Mk. Erasga', 320.00, 4, 1, 1, '2023-05-14 00:20:10', '2023-06-03 16:45:47'),
(158, 'Understanding the Self', 'GE  6100', 3, 'Fri', '08:00-11:00', '8', 'f2f', 'IC Tarrago', 320.00, 3, 1, 1, '2023-05-14 00:20:51', '2023-06-03 16:29:25'),
(159, 'Gender and Society', 'GE 6301', 3, 'Sun', '2:00-5:00', 'Rm 1', 'f2f', 'A. Andalis', 350.00, 4, 2, 1, '2023-05-14 00:21:12', '2023-06-03 16:59:39'),
(160, 'Individual Sports', 'PHYED 6103', 2, 'Sun', '12:00-2:00', 'TL', 'f2f', 'E. Magistrado', 350.00, 4, 2, 1, '2023-05-14 00:22:21', '2023-06-03 16:59:53'),
(161, 'Living in the IT ERA', 'GE 6103', 3, 'Fri', '03:00-06:00', '8', 'f2f', 'M. Bañaria', 320.00, 3, 1, 1, '2023-05-14 00:23:18', '2023-06-03 16:31:38'),
(162, 'Computing Fundamentals', ' ITE    6101', 3, 'Sun', '8:00-11:00', 'CL', 'f2f', 'MK Erasga', 320.00, 3, 1, 1, '2023-05-14 00:26:32', '2023-06-03 16:31:44'),
(163, 'The Contemporary worid', ' GE  6102', 3, 'Sun', '11:00-2:00', '5', 'f2f', 'E. Magistrado', 320.00, 4, 1, 1, '2023-05-14 00:27:43', '2023-06-03 16:46:00'),
(164, 'Computing Fundamentals (Lab)', 'ITE     6101 ', 1, 'Sun', '8:00-11:00', 'CL', 'f2f', 'MK Erasga', 950.00, 3, 1, 1, '2023-05-14 03:43:11', '2023-06-03 16:31:51'),
(165, 'Purposive Communication', 'GE  6106', 3, 'Sun ', '2:00-5:00', 'Rm 8', 'f2f', 'N. Malco', 320.00, 3, 1, 1, '2023-05-14 03:45:29', '2023-06-03 16:32:02'),
(166, 'National Service Training Program1 ', 'NSTP   6101 ', 3, 'Fri', '12:00-3:00', 'Rm 8', 'f2f', 'S. San Isidro', 320.00, 3, 1, 1, '2023-05-14 03:46:39', '2023-06-03 16:32:10'),
(167, 'PATHFIT 1', 'PHYED  6104 ', 2, 'Sat', '1:00-3:00', 'Rm 5', 'f2f', 'TBA', 320.00, 3, 1, 1, '2023-05-14 03:47:49', '2023-06-03 16:32:16'),
(168, 'Euthenics 1', 'ETHNS 1', 1, 'Fri', '11:00-12:00', 'Rm 8', 'f2f', 'S. San Isidro', 320.00, 3, 1, 1, '2023-05-14 03:48:49', '2023-06-03 16:32:28'),
(169, 'Science, Technology and Society', 'GE   6116', 3, 'Thurs ', '1:00-4:000', 'Rm 8', 'f2f', 'N. Margate', 350.00, 3, 2, 1, '2023-05-14 03:58:40', '2023-06-03 16:50:04'),
(170, 'Entrepreneurial Leadership in an organization', 'ENTR 6152', 3, 'Fri', '8:00-11:00', 'Rm 2', 'f2f', 'JR. Gabalfin', 350.00, 3, 2, 1, '2023-05-14 03:59:41', '2023-06-03 16:50:12'),
(171, 'Business Opportunity Seeking', 'MKTG 6151', 3, 'Fri', '12:00-3:00', 'Rm 2', 'f2f', 'JR Gabalfin', 350.00, 3, 2, 1, '2023-05-14 04:00:53', '2023-06-03 16:50:17'),
(172, 'Micro Economics', 'ECON 6150', 3, 'Sat', '11:00-2:00 ', 'Rm 4', 'f2f', 'C. Contreras', 350.00, 3, 2, 1, '2023-05-14 04:02:13', '2023-06-03 16:50:25'),
(173, 'Computing Fundamentals 2', 'ITE      6101', 3, 'Sun', '2:00-5:00', 'CL', 'f2f', 'MK Erasga', 350.00, 3, 2, 1, '2023-05-14 04:04:17', '2023-06-03 16:50:33'),
(174, 'Computing Fundamentals 2 (Lab)', 'ITE        6101', 1, 'Sun', '2:00-5:00', 'CL', 'f2f', 'MK Erasga', 950.00, 3, 2, 1, '2023-05-14 04:06:42', '2023-06-03 16:50:48'),
(175, 'Ethics', 'GE   6107 ', 3, 'Sun', '11:00-2:00 ', 'Rm 2', 'f2f', 'H. Andalis', 350.00, 3, 2, 1, '2023-05-14 04:07:44', '2023-06-03 16:50:53'),
(176, 'Domestic Tourism', 'TM 6358 ', 3, 'Mon', '11:30-2:30', 'Rm 14', 'f2f', 'RA Villar', 350.00, 3, 4, 1, '2023-05-14 04:11:12', '2023-06-03 16:59:07'),
(177, 'Restaurant Management', 'CUL 6304', 3, 'Mon', '2:30-5:30', 'Rm 14', 'f2f', 'RA Villar', 350.00, 3, 4, 1, '2023-05-14 04:12:19', '2023-06-03 16:59:18'),
(178, 'Merger and Acquisition', 'ENTR 6397 ', 3, 'Wed 3', '3:00-6:00', 'Incubator Rm', 'f2f', 'E. Joven', 350.00, 3, 4, 1, '2023-05-14 04:13:27', '2023-06-03 16:59:26'),
(179, 'Business Plan Implementation', 'ENTR 6396', 5, 'Sat', '9:00-12:00 ', 'Incubator Room', 'f2f', 'JR Gabalfin', 350.00, 3, 4, 1, '2023-05-14 04:14:54', '2023-06-03 16:59:37'),
(180, 'Elective 5- Direct Marketing', 'MKTG 6390', 3, 'Sun', '8:00-11:00', 'CL', 'f2f', 'A', 350.00, 3, 4, 1, '2023-05-14 04:17:05', '2023-06-03 16:59:53'),
(181, 'Human Resource Management', 'BAMM 6206 ', 3, '0', '0', '0', 'f2f', '0', 350.00, 3, 4, 1, '2023-05-14 04:18:02', '2023-06-03 17:00:06'),
(182, 'Managing a Service Enterprise', 'MGT 6398 ', 3, '0', '', '0', 'f2f', '0', 350.00, 3, 4, 1, '2023-05-14 04:18:39', '2023-06-03 17:00:23'),
(183, 'Micro-lending', 'SEB 6302', 3, '0', '0', '0', 'f2f', '0', 350.00, 3, 4, 1, '2023-05-14 04:19:14', '2023-06-03 17:01:12'),
(184, 'Team Sports', 'PHYED    6200 ', 2, '0', '0', '0', 'f2f', '0', 350.00, 3, 4, 1, '2023-05-14 04:20:01', '2023-06-03 17:01:47'),
(185, 'Regulatory Framework and Legal Issues in Business', 'LAW 6254', 3, '     ', '     ', '       ', 'online', '         ', 350.00, 2, 2, 1, '2023-05-14 05:53:07', '2023-05-15 22:24:24'),
(186, 'Purposive Communication', ' GE 6106', 3, 'Sat', '2:00-5:00', '1', 'f2f', 'J,Malco', 320.00, 2, 1, 2, '2023-05-15 18:40:56', '2023-06-03 16:26:38'),
(187, 'Mathematics in the Modern World', ' GE 6114', 3, 'Sat', '8:00-11:00 ', '7', 'f2f', 'S. San Isidro', 320.00, 2, 1, 2, '2023-05-15 18:45:21', '2023-06-03 16:26:44'),
(188, 'Computer Programming 1', 'ITE 102', 3, 'Fri', '8:00-11:00', 'CL', 'f2f', 'A. Babol', 320.00, 4, 1, 1, '2023-05-15 18:46:41', '2023-06-03 16:46:13'),
(189, 'Computer Programming 1 (Lab) ', 'ITE   6102 ', 1, 'Fri', '8:00-11:00', 'CL', 'f2f', 'A. Babol', 950.00, 4, 1, 1, '2023-05-15 18:47:54', '2023-06-03 16:46:20'),
(190, 'Euthenic 2', ' ETHNS 6102', 1, 'Fri', '11:00-2:00', '2', 'f2f', 'S.San isidro', 320.00, 2, 1, 2, '2023-05-15 18:48:09', '2023-06-03 16:26:49'),
(191, 'Mathematics in the Modern World ', 'GE   6114 ', 3, 'Tue', '8:00-11:00', 'Rm 14', 'f2f', 'S. San Isidro', 320.00, 4, 1, 1, '2023-05-15 18:49:32', '2023-06-03 16:46:28'),
(192, 'Understanding the Self', 'Ge   6100', 3, 'Tue', '2:00-5:00 ', 'Library', 'f2f', '   ', 320.00, 4, 1, 1, '2023-05-15 18:50:52', '2023-06-03 16:46:48'),
(193, 'Art Appreciation', 'GE  6115', 3, 'Fri', '3:00-6:00', 'Rm 3', 'f2f', 'MV Barayoga', 320.00, 4, 1, 1, '2023-05-15 18:52:39', '2023-06-03 16:46:55'),
(194, 'Financial Acconting and Reporting', 'ACTG 6141', 3, 'Fri', '1:00-4:00', '2', 'f2f', 'JM. Bristain', 320.00, 2, 1, 2, '2023-05-15 18:53:49', '2023-06-03 16:26:54'),
(195, 'Kritika at na Pagbasa, Pagsulat at Pagsasalita ', 'FILI  6201', 3, 'Sat', '2:00-5:00', 'Rm 3', 'f2f', 'T. Pili', 320.00, 4, 1, 1, '2023-05-15 18:53:58', '2023-06-03 16:47:01'),
(196, 'Computing Fundamentals', 'ITE   6101', 3, 'Sun', '8:00-11:00', 'CL', 'f2f', 'MK Erasga', 320.00, 4, 1, 1, '2023-05-15 18:55:30', '2023-06-03 16:47:22'),
(197, 'Computing Fundamentals (Lab)', 'ITE    6101 ', 1, ' Sun', '8:00-11:00', 'CL', 'f2f', 'MK Erasga', 950.00, 4, 1, 1, '2023-05-15 18:58:07', '2023-06-03 16:47:28'),
(198, 'The Contemporary World ', 'GE   6102  ', 3, 'Sun ', '11:00-2:00', 'Rm 5', 'f2f', 'E. Magistrado', 320.00, 4, 1, 1, '2023-05-15 19:00:00', '2023-06-03 16:47:35'),
(199, 'Project Management', 'MGT 6372', 3, 'Fri', '8:00-11:00', '7', 'f2f', 'O. Jasmin', 320.00, 2, 1, 2, '2023-05-15 19:00:25', '2023-06-03 16:26:59'),
(200, 'Purposive Communication', 'GE   6106 ', 3, 'Sun', '2:00-5:00 ', 'Rm 8', 'f2f', 'N. Malco', 320.00, 4, 1, 1, '2023-05-15 19:01:37', '2023-06-03 16:47:46'),
(201, 'Euthenics', 'ETHNS   6101 ', 1, 'Fri', '11:00-12:00', 'Hall', 'f2f', 'S. San Isidro', 320.00, 4, 1, 1, '2023-05-15 19:03:26', '2023-06-03 16:47:53'),
(202, 'National Service Training Program 1 ', 'NSTP    6101 ', 3, 'Fri', '12:00-3:00', 'Rm 8', 'f2f', 'S. San Isidro', 320.00, 4, 1, 1, '2023-05-15 19:04:51', '2023-06-03 16:48:00'),
(203, 'PathFit', 'PHYED   6104 ', 2, 'Sat', '12:00-2:00 ', 'Rm 5', 'f2f', 'E. Magistrado', 320.00, 4, 1, 1, '2023-05-15 19:06:54', '2023-06-03 16:48:26'),
(204, 'System Integration and Architecture 1 ', 'IT 6208', 3, 'Thu', '11:00 - 2:00', 'CL', 'f2f', 'MK. Erasga', 350.00, 4, 2, 2, '2023-05-15 19:13:34', '2023-06-03 17:00:53'),
(205, 'System Integration and Architecture 1 (Lab)', 'IT  6208 ', 1, 'Thu', '11:00 - 2:00', 'CL', 'f2f', 'MK. Erasga', 950.00, 4, 2, 2, '2023-05-15 19:18:26', '2023-06-03 17:01:37'),
(206, 'Introduction to Accounting Information System', 'ACTG 6250 ', 3, 'Sun', '2:00 - 5:00', '1', 'f2f', 'B. Castañeda', 350.00, 2, 2, 2, '2023-05-15 19:20:25', '2023-06-03 16:56:27'),
(207, 'Integrative Programming and Technology 1', 'IT  6302', 3, 'Sat', '11:00 - 2:00 ', 'Rm 7', 'f2f', 'A. Ibarreta', 350.00, 4, 2, 2, '2023-05-15 19:21:20', '2023-06-03 17:02:11'),
(208, 'Cloud Computing and the Internet of Things', 'ITE  6300 ', 3, 'Sun ', '11:00 - 2:00', 'CL ', 'f2f', 'M. Bañaria', 350.00, 4, 2, 2, '2023-05-15 19:23:40', '2023-06-03 17:02:33'),
(209, 'Cloud Computing and the Internet of Things  (Lab)', 'ITE   6300 ', 1, 'Sun', '11:00 - 2:00', 'CL', 'f2f', 'M. Bañaria', 950.00, 4, 2, 2, '2023-05-15 19:25:12', '2023-06-03 17:02:59'),
(210, 'Introduction to Accounting Information System (Lab)', ' ACTG 6250', 1, 'Sun', '2:00 - 5:00', '1', 'f2f', 'B. Castañeda', 950.00, 2, 2, 2, '2023-05-15 19:25:26', '2023-06-03 16:56:22'),
(211, 'Life and Works of Rizal', ' GE 6300 ', 3, 'GE 6300 ', '11:00 - 2:00', '2', 'f2f', 'T. Pili', 320.00, 4, 1, 2, '2023-05-15 19:25:43', '2023-06-03 17:32:19'),
(212, 'Data Communications and Networking 2', ' IT 6223B ', 3, 'Mon', '11:00 - 2:00', 'TL', 'f2f', 'A. Achacon', 350.00, 4, 2, 2, '2023-05-15 19:26:54', '2023-06-03 17:03:19'),
(213, 'Science, Technology and Society', ' GE 6116', 3, 'Sat', '2:00 - 5:00', '5', 'f2f', 'N. Margate', 320.00, 4, 1, 2, '2023-05-15 19:27:32', '2023-06-03 17:32:50'),
(214, 'Strategic Cost Management', 'MGT 6147', 3, 'Sun', '8:00 - 11:00', '3', '', 'E. Joven', 350.00, 2, 2, 2, '2023-05-15 19:27:41', '2023-06-03 16:56:34'),
(215, 'Data Communications and Networking 2 (Lab)', ' IT   6223B ', 1, 'Mon', '11:00 - 2:00', 'TL', 'f2f', 'A. Achacon', 950.00, 4, 2, 2, '2023-05-15 19:28:04', '2023-06-03 17:03:42'),
(216, 'Database Mgmt System 2 (Oracle 10g Admin 2) ', 'IT 6203', 3, 'Mon', '8:00 - 11:00', 'CL', 'f2f', 'A. Radislao', 350.00, 4, 2, 2, '2023-05-15 19:29:14', '2023-06-03 17:04:03'),
(217, 'Business Laws and Regulation', 'LAW 6149', 3, 'Fri', '2:00 - 5:00', '7', 'f2f', 'O. Jasmin', 350.00, 2, 2, 2, '2023-05-15 19:30:12', '2023-06-03 16:56:45'),
(218, 'Database Mgmt System 2 (Oracle 10g Admin 2)  (Lab)', 'IT  6203', 1, 'Mon', '8:00 - 11:00', 'CL', 'f2f', 'A. Radislao', 950.00, 4, 2, 2, '2023-05-15 19:30:22', '2023-06-03 17:04:21'),
(219, 'Current Trends in Issue ', 'COMP  6103', 3, 'Sun', '8:00 - 11:00', 'Rm 7', 'f2f', 'J. Magistrado', 350.00, 4, 2, 2, '2023-05-15 19:32:14', '2023-06-03 17:04:37'),
(220, 'Computer Programming 2', ' ITE 6104', 3, 'Tue', '11:00 - 2:00', 'CL', 'f2f', 'J. Magistrado', 320.00, 4, 1, 2, '2023-05-15 19:33:16', '2023-06-03 17:32:57'),
(221, 'Intermediate Accounting 1', 'ACTG 6146', 3, 'Sun', '11:00 - 2:00', '3', 'f2f', 'A. Moran', 350.00, 2, 2, 2, '2023-05-15 19:33:42', '2023-06-03 16:56:50'),
(222, 'Current Trends in Issue (Lab)', 'COMP   6103', 1, 'Sun', '8:00 - 11:00', 'Rm 7', 'f2f', 'J. Magistrado', 950.00, 4, 2, 2, '2023-05-15 19:34:26', '2023-06-03 17:05:01'),
(223, 'Information Assurance and Security 1', 'IT 6205A', 3, 'Thu', ' 2:00 - 5:00', 'TL', 'f2f', 'E. Galvante', 350.00, 4, 2, 2, '2023-05-15 19:35:50', '2023-06-03 17:05:23'),
(224, 'Information Assurance and Security 1 (Lab)', 'IT  6205A', 1, 'Thu', '2:00 - 5:00', 'TL', 'f2f', 'E. Galvante', 950.00, 4, 2, 2, '2023-05-15 19:38:10', '2023-06-03 17:05:48'),
(225, 'Computer Programming 2 (Lab)', '  ITE 6104', 1, 'Tue', '11:00 - 2:00', 'CL', 'f2f', 'J. Magistrado', 950.00, 4, 1, 2, '2023-05-15 19:39:36', '2023-06-03 17:33:03'),
(226, 'Science, Technology & Society', 'GE    6116 ', 3, 'Sat', '2:00 - 5:00 ', 'Rm 5', 'f2f', 'N. Margate1', 350.00, 4, 2, 2, '2023-05-15 19:40:05', '2023-06-03 17:06:05'),
(227, 'Team Sports ', 'PHYED      6200', 2, 'Sat', '8:00 - 10:00 ', 'Rm 4', 'f2f', 'E. Magistrado', 350.00, 4, 2, 2, '2023-05-15 19:41:49', '2023-06-03 17:06:22'),
(228, 'Principles of Operating Systems', ' CS 6206  ', 3, 'Tue', '8:00 - 11:00', 'CL', 'f2f', 'MK. Erasga', 320.00, 4, 1, 2, '2023-05-15 19:41:59', '2023-06-03 17:33:10'),
(229, 'Financial Markets', 'FMGT 6259', 3, 'Sat', '2:00 - 5:00', '2', 'f2f', 'A. Moran', 350.00, 2, 2, 2, '2023-05-15 19:42:10', '2023-06-03 16:55:47'),
(230, ' Principles of Operating Systems (Lab)', '  CS 6206 ', 1, 'Tue', '8:00 - 11:00', 'CL', 'f2f', 'MK. Erasga', 950.00, 4, 1, 2, '2023-05-15 19:44:33', '2023-06-03 17:33:16'),
(231, 'Statistical Analysis with Software Application', 'CS 6264', 3, 'Fri', '11:00 - 2:00', 'CL', 'f2f', 'A. Babo', 350.00, 2, 2, 2, '2023-05-15 19:45:47', '2023-06-03 16:54:18'),
(232, 'Integrative Programming and Technology 1', 'IT 6302', 3, 'Tue', '2:00 - 5:00', 'TL', 'f2f', 'J. Magistrado', 320.00, 4, 1, 2, '2023-05-15 19:47:28', '2023-06-03 17:33:43'),
(233, 'Database Mgmt System 1 (Oracle)', '  IT  6202', 3, 'Fri', '8:00 - 11:00', 'CL', 'f2f', 'A. Babol', 320.00, 4, 1, 2, '2023-05-15 19:49:18', '2023-06-03 17:33:48'),
(234, 'Statistical Analysis with Software Application (Lab)', 'CS  6264 ', 1, 'Fri', '11:00 - 2:00', 'CL', 'f2f', 'A. Babol', 950.00, 2, 2, 2, '2023-05-15 19:50:55', '2023-06-03 16:53:57'),
(235, 'Database Mgmt System 1 (Oracle) Lab', 'IT 6 202', 1, 'Fri ', '8:00 - 11:00', 'CL', 'f2f', 'A. Babol', 950.00, 4, 1, 2, '2023-05-15 19:52:20', '2023-06-03 17:33:55'),
(236, 'Wika, Lipunan at Kultura', 'FILI 6101', 3, 'Sat', '8:00 - 11:00', '3', 'f2f', 'T. Pili', 350.00, 2, 2, 2, '2023-05-15 19:53:32', '2023-06-03 16:55:25'),
(237, 'Physical Fitness', ' PHYED 6101', 3, 'Sat', '12:00 - 2:00', '', 'f2f', 'E. Magistrado', 350.00, 2, 2, 2, '2023-05-15 19:56:28', '2023-06-03 16:55:30'),
(238, 'National Service Training Program 1', ' NSTP 6101', 3, 'Fri', '8:00 - 11:00', '2', '', 'S. San Isidro', 350.00, 2, 2, 2, '2023-05-15 20:03:51', '2023-06-03 16:55:36'),
(239, ' PATHFIT 2 (Exercise-based Fitness Actvities )', ' PHYED 6105', 2, 'Sat', '8:00 - 10:00 ', '5', 'f2f', 'R. Barroga', 320.00, 4, 1, 2, '2023-05-15 20:31:03', '2023-06-03 17:34:02'),
(240, 'National Service Training Program 2', 'NSTP  6102 ', 3, 'Fri', '2:00 - 5:00', '5', 'f2f', 'S. San Isidro', 320.00, 4, 1, 2, '2023-05-15 20:41:33', '2023-06-03 17:34:07'),
(241, 'Euthenics 2 ', ' ETHNS  6102', 1, '11:00 - 12:00 ', '11:00 - 12:00 ', '2', 'f2f', 'S. San Isidro', 320.00, 4, 1, 2, '2023-05-15 20:45:53', '2023-06-03 17:34:13'),
(242, 'Accounting Information System Internship (600hrs)', 'PRACT 6377', 6, 'Sat', '11:00 - 5:00', 'Rm 6', 'f2f', 'S. Galvez', 350.00, 2, 4, 2, '2023-05-15 20:55:27', '2023-06-03 16:59:46'),
(243, 'Accounting Information System Research ', 'THESIS  6328 ', 3, 'Sat', '8:00 - 11:00', 'Rm 2', 'f2f', 'IC. Tarrago', 350.00, 2, 4, 2, '2023-05-15 20:56:50', '2023-06-03 16:59:51'),
(247, 'Reading and Writing Skills', 'ENGL  2112', 0, '  ', '  ', '  ', 'f2f', '  ', 0.00, 8, 5, 2, '2023-06-06 18:45:04', '2023-06-06 18:45:04'),
(248, 'Oral Communication in Context ', 'ENGL  2111', 0, '', '', '', 'f2f', '', 0.00, 9, 5, 1, '2023-06-06 18:45:31', '2023-06-06 18:54:47'),
(249, 'Oral Communication in Context', 'ENGL 2111', 0, '  ', '', '', '', '', 0.00, 7, 5, 1, '2023-06-06 18:45:57', '2023-06-06 18:53:22'),
(250, 'Disaster Readines and Risk Reduction', 'DIRR 2112', 0, '  ', '  ', '  ', '', ' ', 0.00, 8, 5, 2, '2023-06-06 18:46:36', '2023-06-06 18:46:36'),
(251, 'Statistics and Probability', 'STAT 2112', 0, ' ', ' ', ' ', 'f2f', ' ', 0.00, 8, 5, 2, '2023-06-06 18:47:20', '2023-06-06 18:47:20'),
(252, 'Understanding Culture, Society and Politics i', 'UCSP   2111', 0, '', '', '', 'f2f', '', 0.00, 9, 5, 1, '2023-06-06 18:47:29', '2023-06-06 18:55:17'),
(253, 'Understanding Culture, society and Politics', 'UCSP 2111', 0, '  ', '', '', '', '', 0.00, 7, 5, 1, '2023-06-06 18:47:42', '2023-06-06 18:47:42'),
(254, 'Earth and Life Science', 'ELSC  2111', 0, '', '', '', 'f2f', '', 0.00, 9, 5, 1, '2023-06-06 18:48:24', '2023-06-06 18:55:49'),
(255, 'Earth and Life Science', 'ELSC2111', 0, '', '', '', '', '', 0.00, 7, 5, 1, '2023-06-06 18:48:55', '2023-06-06 18:48:55'),
(256, '21st Century Literature from the Phillippines and the World', 'ENGL 2121', 0, ' ', ' ', ' ', '', ' ', 0.00, 8, 5, 2, '2023-06-06 18:49:05', '2023-06-06 18:49:05'),
(257, 'Introduction to the Philosophy of the Human Person/Pambungad sa Pilosopiya ng Tao', 'PHIL 2121', 0, '', '', '', 'f2f', '', 0.00, 9, 5, 1, '2023-06-06 18:50:18', '2023-06-06 18:57:35'),
(258, 'Intro. to the Philosophy of the Human Person/ Pambungad sa Pilosopiya ng Tao ', ' PHIL 2121', 0, '', '', '', '', '', 0.00, 7, 5, 1, '2023-06-06 18:50:28', '2023-06-06 18:50:28'),
(259, 'General Mathematics', 'GMAT  2111', 0, '', '', '', '', '', 0.00, 7, 5, 1, '2023-06-06 18:51:04', '2023-06-06 18:51:04'),
(260, 'General Mathematics', 'GMAT   2111', 0, '', '', '', 'f2f', '', 0.00, 9, 5, 1, '2023-06-06 18:51:16', '2023-06-06 18:58:23'),
(261, 'Physical Education and Health', 'PEDH 2111', 0, '', '', '', '', '', 0.00, 7, 5, 1, '2023-06-06 18:51:49', '2023-06-06 18:51:49'),
(262, 'Homeroom', 'HMRM 2111', 0, '', '', '', '', '', 0.00, 7, 5, 1, '2023-06-06 18:52:13', '2023-06-06 18:52:13'),
(263, 'Physical Education and Health', 'PEDH  2111', 0, '', '', '', 'f2f', '', 0.00, 9, 5, 1, '2023-06-06 18:53:23', '2023-06-06 18:53:23'),
(264, 'Oral Communication', ' ENGL 2111', 0, '0', '0', '0', '', '0', 0.00, 6, 5, 1, '2023-06-06 18:53:29', '2023-06-06 18:53:29'),
(265, 'Homeroom ', 'HMRM    2111', 0, '', '', '', 'f2f', '', 0.00, 9, 5, 1, '2023-06-06 18:54:12', '2023-06-06 18:58:38'),
(266, 'Physical Education and Health', 'PEDH 2112', 0, ' ', ' ', ' ', 'f2f', ' ', 0.00, 8, 5, 2, '2023-06-06 18:55:08', '2023-06-06 18:55:08'),
(267, 'Understanding Culture,Society and Politics', ' UCSP 2111', 0, '0', '0', '0', '', '0', 0.00, 6, 5, 1, '2023-06-06 18:56:06', '2023-06-06 18:56:06'),
(268, 'English Academic and Professional Purposes', 'EAP 2111', 0, '', '', '', '', '', 0.00, 7, 5, 1, '2023-06-06 18:56:26', '2023-06-06 18:56:26'),
(269, 'Empowerment Technologies(E-Tech) ICT for Prof. Tracks', 'ICT 2112', 0, '', '', '', '', '', 0.00, 7, 5, 1, '2023-06-06 18:57:42', '2023-06-06 18:57:42'),
(270, 'Earth and Life science', ' ELSC 2111', 0, '0', '0', '0', '', '0', 0.00, 6, 5, 1, '2023-06-06 18:57:47', '2023-06-06 18:57:47'),
(271, 'Homeroom', 'HMRM 2112', 0, ' ', ' ', ' ', 'f2f', ' ', 0.00, 8, 5, 2, '2023-06-06 18:58:07', '2023-06-06 18:58:07'),
(272, 'Fundamentals of accountancy, Business and Management 1', 'FABM 2112', 0, '', '', '', '', '', 0.00, 7, 5, 1, '2023-06-06 18:58:45', '2023-06-06 18:58:45'),
(273, 'Practical Research 1', 'RSCH 2111', 0, '  ', ' ', ' ', '', '', 0.00, 8, 5, 2, '2023-06-06 18:59:16', '2023-06-06 18:59:16'),
(274, 'Reading and Writing Skills', 'ENGL 2112', 0, '', '', '', '', '', 0.00, 7, 5, 2, '2023-06-06 18:59:47', '2023-06-06 18:59:47'),
(275, 'Physical Science', 'PHSC 2112', 0, '', '', '', '', '', 0.00, 7, 5, 2, '2023-06-06 19:00:24', '2023-06-06 19:00:24'),
(276, 'English for Academic and Professional Purposes', 'EAPP 2111', 0, '', '', '', 'f2f', '', 0.00, 9, 5, 1, '2023-06-06 19:00:25', '2023-06-06 19:00:25'),
(277, 'Basic Calculus', 'BUSC 2112', 0, ' ', ' ', ' ', '', ' ', 0.00, 8, 5, 2, '2023-06-06 19:00:42', '2023-06-06 19:00:42'),
(278, 'Statistics and Probability', 'STAT  2112', 0, '', '', '', '', '', 0.00, 7, 5, 2, '2023-06-06 19:01:04', '2023-06-06 19:01:04'),
(279, 'General Chemistry 1', 'CHEM 2112', 0, ' ', ' ', ' ', '', ' ', 0.00, 8, 5, 2, '2023-06-06 19:01:09', '2023-06-06 19:01:09'),
(280, '21st Century Literature from the Phil. and the World', 'ENGL  2121', 0, '', '', '', '', '', 0.00, 7, 5, 2, '2023-06-06 19:01:59', '2023-06-06 19:01:59'),
(281, 'General Biology 1', 'GBIO 2121', 0, ' ', ' ', ' ', '', ' ', 0.00, 8, 5, 2, '2023-06-06 19:02:15', '2023-06-06 19:02:15'),
(282, 'Introduction to the Philosophy of the Human Person/ Pambungad sa Pilosopiya ng Tao', ' PHIL 2111', 0, '0', '0', '0', '', '0', 0.00, 6, 5, 1, '2023-06-06 19:02:23', '2023-06-06 19:02:23'),
(283, 'Physical Education and Health', ' PEDH 2112', 0, '', '', '', '', '', 0.00, 7, 5, 2, '2023-06-06 19:02:39', '2023-06-06 19:02:39'),
(284, 'Empowerment Technologies (E-Tech) ICT Professional Trasks ', 'ICT     2112', 0, '', '', '', 'f2f', '', 0.00, 9, 5, 1, '2023-06-06 19:02:40', '2023-06-06 19:02:40'),
(285, 'Homeroom', ' HMRM 2112', 0, '', '', '', '', '', 0.00, 7, 5, 2, '2023-06-06 19:03:06', '2023-06-06 19:03:06'),
(286, 'Komunikasyon at Pananaliksik sa Wika at Kulturang Pilipino', 'FILI 2111', 0, '', '', '', '', '', 0.00, 8, 6, 1, '2023-06-06 19:03:36', '2023-06-06 19:03:36'),
(287, 'Practical Research 1', ' RSCH 2111', 0, '', '', '', '', '', 0.00, 7, 5, 2, '2023-06-06 19:04:05', '2023-06-06 19:04:05'),
(288, 'General Mathematics', ' GMAT 2111', 0, '0', '0', '0', '', '0', 0.00, 6, 5, 1, '2023-06-06 19:04:40', '2023-06-06 19:04:40'),
(289, 'Fundamentals of Accountancy, Business and Management 2', 'FABM 2121', 0, '', '', '', '', '', 0.00, 7, 5, 2, '2023-06-06 19:04:47', '2023-06-06 19:04:47'),
(290, 'Reading and Writing Skills ', 'ENGL   2112', 0, '', '', '', 'f2f', '', 0.00, 9, 5, 2, '2023-06-06 19:04:51', '2023-06-06 19:04:51'),
(291, 'Personal Development/ Pansariling Kaunklaran', 'PDEV 2111', 0, '', '', '', '', '', 0.00, 8, 6, 1, '2023-06-06 19:04:55', '2023-06-06 19:04:55'),
(292, 'Organization Management', 'OAM 2122', 0, '', '', '', '', '', 0.00, 7, 5, 2, '2023-06-06 19:05:09', '2023-06-06 19:05:09'),
(293, 'Business Math', 'BMAT 2112', 0, '', '', '', '', '', 0.00, 7, 5, 2, '2023-06-06 19:05:35', '2023-06-06 19:05:35'),
(294, 'Physical Science', 'PHSC  2112', 0, '', '', '', 'f2f', '', 0.00, 9, 5, 2, '2023-06-06 19:05:47', '2023-06-06 19:05:47'),
(295, 'Komunikasyon at Pnanaliksik sa Wika at Kulturang Pilipino', ' FILI 2111', 0, '', '', '', '', '', 0.00, 7, 6, 1, '2023-06-06 19:06:42', '2023-06-06 19:06:42'),
(296, 'Physical Education and Health', ' PEDH 2111 ', 0, '0', '0', '', '', '0', 0.00, 6, 5, 1, '2023-06-06 19:07:08', '2023-06-06 19:07:08'),
(297, 'Statistics and Probability', 'STAT   2112', 0, '', '', '', 'f2f', '', 0.00, 9, 5, 2, '2023-06-06 19:07:14', '2023-06-06 19:07:14'),
(298, 'Personal Development/ Pansariling Kaunlaran', ' PDEV 2111', 0, '', '', '', '', '', 0.00, 7, 6, 1, '2023-06-06 19:07:32', '2023-06-06 19:07:32'),
(299, 'Media and Information literacy', 'MEIL 1222', 0, '', '', '', '', '', 0.00, 7, 6, 1, '2023-06-06 19:08:09', '2023-06-06 19:08:09'),
(300, 'Homeroom', ' HMRM 2111', 0, '0', '0', '0', '', '0', 0.00, 6, 5, 1, '2023-06-06 19:08:22', '2023-06-06 19:08:22'),
(301, '21st Century Literature from the Philippines and World', 'ENGL     2121', 0, '', '', '', 'f2f', '', 0.00, 9, 5, 2, '2023-06-06 19:08:27', '2023-06-06 19:08:27'),
(302, 'Physical Education and Health', 'PEDH 2121', 0, '', '', '', '', '', 0.00, 7, 6, 1, '2023-06-06 19:08:48', '2023-06-06 19:08:48'),
(303, 'Homeroom', 'HMRM 2121', 0, '', '', '', '', '', 0.00, 7, 6, 1, '2023-06-06 19:09:23', '2023-06-06 19:09:23'),
(304, 'Physical Education and Health', 'PEDH  2112', 0, '', '', '', 'f2f', '', 0.00, 9, 5, 2, '2023-06-06 19:09:28', '2023-06-06 19:09:28'),
(305, 'Practical Research 2', 'RSCH 2120', 0, '', '', '', '', '', 0.00, 7, 6, 1, '2023-06-06 19:09:53', '2023-06-06 19:09:53'),
(306, 'Homeroom', 'HMRM  2112', 0, '', '', '', 'f2f', '', 0.00, 9, 5, 2, '2023-06-06 19:10:00', '2023-06-06 19:10:00'),
(308, 'Pagsulat sa Filipino sa Piling Larangan (Akademik)', 'FILI 2121', 0, '', '', '', '', '', 0.00, 7, 6, 1, '2023-06-06 19:10:40', '2023-06-06 19:10:40'),
(309, 'Practical Research 1', 'RSCH  2111', 0, '', '', '', 'f2f', '', 0.00, 9, 5, 2, '2023-06-06 19:10:43', '2023-06-06 19:10:43'),
(310, 'Principles of Marketing', 'PRIM 2121', 0, '', '', '', '', '', 0.00, 7, 6, 1, '2023-06-06 19:11:51', '2023-06-06 19:11:51'),
(312, 'Business Finance', 'BFIN 2121', 0, '', '', '', '', '', 0.00, 7, 6, 1, '2023-06-06 19:12:13', '2023-06-06 19:12:13'),
(314, 'Komunikasyon at Pananaliksik sa Wika at Kulturang Pilipino', 'FILI  2111', 0, '', '', '', 'f2f', '', 0.00, 9, 6, 1, '2023-06-06 19:13:16', '2023-06-06 19:13:16'),
(315, 'Pagbasa at Pagsusuri ng Iba\'t ibang Teksto Tungo sa Pananaliksik', 'FILI 2112', 0, '', '', '', '', '', 0.00, 7, 6, 2, '2023-06-06 19:13:26', '2023-06-06 19:13:26'),
(317, 'Reading and Writing skill', ' ENGL 2112', 0, '0', '0', '0', '', '0', 0.00, 6, 5, 2, '2023-06-06 19:14:24', '2023-06-06 19:14:24');
INSERT INTO `subjects` (`id`, `name`, `subject_code`, `unit`, `day`, `time`, `room`, `modality`, `teacher`, `tuition`, `course_id`, `yearlevel_id`, `semester_id`, `created_at`, `updated_at`) VALUES
(318, 'Personal Development/Pansariling Kaunlaran', 'PDEV  2111', 0, '', '', '', 'f2f', '', 0.00, 9, 6, 1, '2023-06-06 19:14:41', '2023-06-06 19:14:41'),
(319, 'Contemporary Phil. Arts from the Regions', 'CPAR 2122', 0, '', '', '', '', '', 0.00, 7, 6, 2, '2023-06-06 19:15:20', '2023-06-06 19:15:20'),
(320, 'Media and Information Literacy', 'MEIL 2122', 0, '', '', '', 'f2f', '', 0.00, 9, 6, 1, '2023-06-06 19:15:35', '2023-06-06 19:15:35'),
(321, 'Physical Science ', ' PHSC 2112', 0, '0', '0', '0', '', '0', 0.00, 6, 5, 2, '2023-06-06 19:15:53', '2023-06-06 19:15:53'),
(322, 'Physical Education and Health', 'PEDH 2122', 0, '', '', '', '', '', 0.00, 7, 6, 2, '2023-06-06 19:15:53', '2023-06-06 19:15:53'),
(323, 'Homeroom', 'HMRM', 0, '', '', '', '', '', 0.00, 7, 6, 2, '2023-06-06 19:16:14', '2023-06-06 19:16:14'),
(324, 'Physical Education and Health', 'PEDH   2121', 0, '', '', '', 'f2f', '', 0.00, 9, 6, 1, '2023-06-06 19:16:31', '2023-06-06 19:16:31'),
(325, 'Homeroom', 'HMRM  2121', 0, '', '', '', 'f2f', '', 0.00, 9, 6, 1, '2023-06-06 19:17:15', '2023-06-06 19:17:15'),
(326, 'Entrepreneurship', 'ENTR 2122', 0, '', '', '', '', '', 0.00, 7, 6, 2, '2023-06-06 19:17:43', '2023-06-06 19:17:43'),
(327, 'Practical Research 2', 'PSCH  2120', 0, '', '', '', 'f2f', '', 0.00, 9, 6, 1, '2023-06-06 19:18:10', '2023-06-06 19:18:10'),
(328, 'Statictics and Probability ', 'STAT', 0, '', '0', '0', '', '0', 0.00, 6, 5, 2, '2023-06-06 19:18:18', '2023-06-06 19:18:18'),
(329, 'Inquiries, Investigations and Immersion', 'RSCH 2`22', 0, '', '', '', '', '', 0.00, 7, 6, 2, '2023-06-06 19:19:38', '2023-06-06 19:19:38'),
(330, 'Pagsulat sa Filipino sa Piling Larangan (Tech-Voc)', 'FILI 2121B', 0, '', '', '', 'f2f', '', 0.00, 9, 6, 1, '2023-06-06 19:19:57', '2023-06-06 19:19:57'),
(331, 'Business Ethics and Social Responsibility', 'BESR 2122', 0, '', '', '', '', '', 0.00, 7, 6, 2, '2023-06-06 19:20:13', '2023-06-06 19:20:13'),
(332, 'Applied Economics', 'ECON 2122', 0, '', '', '', '', '', 0.00, 7, 6, 2, '2023-06-06 19:20:41', '2023-06-06 19:20:41'),
(333, 'Work Immersion/Business Enterprise Simulation', 'BENS 2122', 0, '', '', '', '', '', 0.00, 7, 6, 2, '2023-06-06 19:21:43', '2023-06-06 19:21:43'),
(334, 'Pagbasa at Pagsuri ng Iba\'t ibang Teksto Tungo sa Pananaliksik', 'FILI  2112', 0, '', '', '', 'f2f', '', 0.00, 9, 6, 2, '2023-06-06 19:22:02', '2023-06-06 19:22:02'),
(335, '21st  Century Literature from the Phillppines and the World', ' ENGL  2112', 0, '0', '0', '0', '', '0', 0.00, 6, 5, 2, '2023-06-06 19:22:30', '2023-06-06 19:22:30'),
(336, 'Oral Communication in Context', ' ENGL  2111', 0, '', '', '', '', '', 0.00, 10, 5, 1, '2023-06-06 19:23:07', '2023-06-06 19:23:07'),
(337, 'Contemporary Philippine Arts from the Regions', 'CPAR  2122', 0, '', '', '', 'f2f', '', 0.00, 9, 6, 2, '2023-06-06 19:23:35', '2023-06-06 19:23:35'),
(338, 'Understanding Culture, Society and Politics', 'UCSP  2111', 0, '', '', '', '', '', 0.00, 10, 5, 1, '2023-06-06 19:23:57', '2023-06-06 19:23:57'),
(339, 'Earth and Life Science', 'ELSC 2111', 0, '', '', '', '', '', 0.00, 10, 5, 1, '2023-06-06 19:24:36', '2023-06-06 19:24:36'),
(340, 'Physical Education and Health', 'PEDH  2122', 0, '', '', '', 'f2f', '', 0.00, 9, 6, 2, '2023-06-06 19:24:55', '2023-06-06 19:24:55'),
(341, 'Physical Education and Heaith', ' PEDH  2112', 0, '0', '0', '0', '', '0', 0.00, 6, 5, 2, '2023-06-06 19:25:06', '2023-06-06 19:25:06'),
(342, 'Homeroom', 'HMRM  2122', 0, '', '', '', 'f2f', '', 0.00, 9, 6, 2, '2023-06-06 19:25:35', '2023-06-06 19:25:35'),
(343, 'Introduction to the Phil. of the Human Person/ Pambungad sa Pilosopiya ng Tao', 'PHIL  2121', 0, '', '', '', '', '', 0.00, 10, 5, 1, '2023-06-06 19:25:38', '2023-06-06 19:25:38'),
(344, 'General Mathemathics', ' GMAT  2111', 0, '', '', '', '', '', 0.00, 10, 5, 1, '2023-06-06 19:26:04', '2023-06-06 19:26:04'),
(345, 'Entrprenuership', 'ENTR  2122', 0, '', '', '', 'f2f', '', 0.00, 9, 6, 2, '2023-06-06 19:26:16', '2023-06-06 19:26:16'),
(346, 'Physical Education and Health', ' PEDH  2111', 0, '', '', '', '', '', 0.00, 10, 5, 1, '2023-06-06 19:26:37', '2023-06-06 19:26:37'),
(347, 'Homeroon ', ' HMRM  2112', 0, '', '0', '0', '', '0', 0.00, 6, 5, 2, '2023-06-06 19:26:58', '2023-06-06 19:26:58'),
(348, 'Homeroom', 'HMRM  2111', 0, '', '', '', '', '', 0.00, 10, 5, 1, '2023-06-06 19:27:04', '2023-06-06 19:27:04'),
(349, 'Inquiries, Investigations and Immesion ', 'RSCH  2122', 0, '', '', '', 'f2f', '', 0.00, 9, 6, 2, '2023-06-06 19:28:01', '2023-06-06 19:28:01'),
(350, 'English for Academic and Prof. Purposes', 'EAPP  2111', 0, '', '', '', '', '', 0.00, 10, 5, 1, '2023-06-06 19:29:07', '2023-06-06 19:29:07'),
(351, 'Media and Information Library', 'MEIL  2122', 0, ' ', ' ', ' ', '', '', 0.00, 8, 6, 1, '2023-06-06 19:29:49', '2023-06-06 19:31:35'),
(352, 'Disciplines and ideasb in the Social sciences', 'HUMSS 2112', 0, '0', '0', '0', '', '0', 0.00, 6, 5, 2, '2023-06-06 19:29:54', '2023-06-06 19:29:54'),
(353, 'Computer Systems Servicing NC II Part 3', 'CSS    2122', 0, '', '', '', 'f2f', '', 0.00, 9, 6, 2, '2023-06-06 19:29:56', '2023-06-06 19:29:56'),
(354, 'Empowerment Technologies (e-Tech); ICT for Professional Tracks', ' ICT 2112', 0, '', '', '', '', '', 0.00, 10, 5, 1, '2023-06-06 19:30:22', '2023-06-06 19:30:22'),
(355, 'Work Immersion', 'ICT  2300', 0, '', '', '', 'f2f', '', 0.00, 9, 6, 2, '2023-06-06 19:30:36', '2023-06-06 19:30:36'),
(356, 'Oral Communication in Context', 'ENGL   2111', 0, '', '', '', 'f2f', '', 0.00, 5, 5, 1, '2023-06-06 19:32:10', '2023-06-06 19:32:10'),
(357, 'Physical Education Health', 'PEDH  2121', 0, '', '', '', '', '', 0.00, 8, 6, 1, '2023-06-06 19:32:10', '2023-06-06 19:32:10'),
(358, 'Reading and Writing Skills', 'ENGL 2 112  ', 0, '', '', '', '', '', 0.00, 10, 5, 2, '2023-06-06 19:32:18', '2023-06-06 19:32:18'),
(359, 'Physical Science', 'PHSC 2 112', 0, '', '', '', '', '', 0.00, 10, 5, 2, '2023-06-06 19:33:00', '2023-06-06 19:33:00'),
(360, 'Homeroom', ' PEDH 2121', 0, '', '', '', '', '', 0.00, 8, 6, 1, '2023-06-06 19:33:11', '2023-06-06 19:33:11'),
(361, 'Understanding Culture, Society and Politics', 'USCP  2111', 0, '', '', '', 'f2f', '', 0.00, 5, 5, 1, '2023-06-06 19:33:14', '2023-06-06 19:33:14'),
(362, 'Statistics and Probability', 'STAT 2 112  ', 0, '', '', '', '', '', 0.00, 10, 5, 2, '2023-06-06 19:33:48', '2023-06-06 19:33:48'),
(363, 'Practical Research 2', ' RSCH 2120', 0, '', '', '', '', '', 0.00, 8, 6, 1, '2023-06-06 19:33:54', '2023-06-06 19:33:54'),
(364, 'Trends, Networks, and Critical Thinking in the 21st Century Culture ', 'HUMSS 2125', 0, '0', '0', '0', '', '0', 0.00, 6, 5, 2, '2023-06-06 19:34:25', '2023-06-06 19:34:25'),
(365, '21st century Literature from the Phil. and the World', 'ENGL 2 121', 0, '', '', '', '', '', 0.00, 10, 5, 2, '2023-06-06 19:34:28', '2023-06-06 19:34:28'),
(366, 'Pagsulat sa Filipino sa Piling Larangan (Akademik)', ' FILI 2121', 0, '', '', '', '', '', 0.00, 8, 6, 1, '2023-06-06 19:34:44', '2023-06-06 19:34:44'),
(367, 'Earth and  Life Science', 'ELSC   2111', 0, '', '', '', 'f2f', '', 0.00, 5, 5, 1, '2023-06-06 19:34:51', '2023-06-06 19:34:51'),
(368, 'Physical Education and Health', 'PEDH 2 112', 0, '', '', '', '', '', 0.00, 10, 5, 2, '2023-06-06 19:35:14', '2023-06-06 19:35:14'),
(369, 'Programming (Java) NCIII Part 1', 'PROG 3111', 0, '', '', '', '', '', 0.00, 10, 5, 2, '2023-06-06 19:35:33', '2023-06-06 19:36:53'),
(370, 'General Physics 1', 'PHYC 2121', 0, '', '', '', '', '', 0.00, 8, 6, 1, '2023-06-06 19:35:42', '2023-06-06 19:35:42'),
(371, 'Organization and Management', ' OAM 2122', 0, '0', '0', '0', '', '0', 0.00, 6, 5, 2, '2023-06-06 19:35:49', '2023-06-06 19:35:49'),
(372, 'General Chemistry 2', 'CHEM 2122', 0, '', '', '', '', '', 0.00, 8, 6, 1, '2023-06-06 19:36:06', '2023-06-06 19:36:06'),
(373, 'Introduction to Philosophy of the Human Person', 'PHIL        2121', 0, '', '', '', 'f2f', '', 0.00, 5, 5, 1, '2023-06-06 19:36:12', '2023-06-06 19:36:12'),
(374, 'General Mathematics', 'GMAT 2111', 0, '', '', '', 'f2f', '', 0.00, 5, 5, 1, '2023-06-06 19:37:04', '2023-06-06 19:37:04'),
(375, 'Pagbasa at Pagsusuri ng Iba\'t Ibang Teksto Tungo sa Pananaliksik', ' FILI 2112', 0, '', '', '', '', '', 0.00, 8, 6, 2, '2023-06-06 19:37:35', '2023-06-06 19:37:35'),
(376, 'Homeroom', 'H MRM', 0, '', '', '', '', '', 0.00, 10, 5, 2, '2023-06-06 19:37:48', '2023-06-06 19:37:48'),
(377, 'Physical Education and Health', 'PEDH    2111', 0, '', '', '', 'f2f', '', 0.00, 5, 5, 1, '2023-06-06 19:38:12', '2023-06-06 19:38:12'),
(378, 'Homeroom', 'HMRM   2111', 0, '', '', '', 'f2f', '', 0.00, 5, 5, 1, '2023-06-06 19:38:47', '2023-06-06 19:38:47'),
(379, 'Contemporary Philippine Arts form the Regions', ' CPAR 2122', 0, '', '', '', '', '', 0.00, 8, 6, 2, '2023-06-06 19:39:23', '2023-06-06 19:39:23'),
(380, 'English for Academic and Professional Purposes', 'EAPP   2111', 0, '', '', '', 'f2f', '', 0.00, 5, 5, 1, '2023-06-06 19:39:58', '2023-06-06 19:39:58'),
(381, 'Komunikasyon at Pananaliksik sa Wika at Kulturang Pilipino', 'F ILI 2111', 0, '', '', '', '', '', 0.00, 10, 6, 1, '2023-06-06 19:39:59', '2023-06-06 19:39:59'),
(382, 'Physical Education and Health', ' PEDH 2122', 0, '', '', '', '', '', 0.00, 8, 6, 2, '2023-06-06 19:40:30', '2023-06-06 19:40:30'),
(383, 'Homeroom', ' HMRM 2122', 0, '', '', '', '', '', 0.00, 8, 6, 2, '2023-06-06 19:40:56', '2023-06-06 19:40:56'),
(384, 'Entrepreneurship', ' ENTR 2122', 0, '', '', '', '', '', 0.00, 8, 6, 2, '2023-06-06 19:41:30', '2023-06-06 19:41:30'),
(385, 'Inquiries Investigations and Immersion', 'RSCH 2122', 0, '', '', '', '', '', 0.00, 8, 6, 2, '2023-06-06 19:43:51', '2023-06-06 19:43:51'),
(386, 'General Physics 2', ' PHYC 2122', 0, '', '', '', '', '', 0.00, 8, 6, 2, '2023-06-06 19:44:18', '2023-06-06 19:44:18'),
(387, 'Empowerment Technologies (E-Tech); ICT for Professional Tracks', 'ICT    2112', 0, '', '', '', 'f2f', '', 0.00, 5, 5, 1, '2023-06-06 19:45:07', '2023-06-06 19:45:07'),
(388, 'Introduction To Word religions and Beliefs', 'HUMSS 2111', 0, '0', '0', '0', '', '0', 0.00, 6, 5, 1, '2023-06-06 19:46:02', '2023-06-06 19:46:02'),
(389, 'Introduction to World Religions and Belief System', 'HUMSS   2111', 0, '', '', '', 'f2f', '', 0.00, 5, 5, 1, '2023-06-06 19:46:20', '2023-06-06 19:46:20'),
(390, 'General Biology 2', 'GBIO 2122', 0, '', '', '', '', '', 0.00, 8, 6, 2, '2023-06-06 19:47:52', '2023-06-06 19:47:52'),
(391, 'Reading and Writing Skills', 'ENGL    2112', 0, '', '', '', 'f2f', '', 0.00, 5, 5, 2, '2023-06-06 19:48:07', '2023-06-06 19:48:07'),
(392, 'Work Immersion/ Research/ Capstone Project', 'RSCH 2300', 0, '', '', '', '', '', 0.00, 8, 6, 2, '2023-06-06 19:48:32', '2023-06-06 19:48:32'),
(393, 'Physical Science ', 'PHSC      2112', 0, '', '', '', 'f2f', '', 0.00, 5, 5, 2, '2023-06-06 19:50:03', '2023-06-06 19:50:03'),
(394, 'Statistics and Probability', 'STAT      2112', 0, '', '', '', 'f2f', '', 0.00, 5, 5, 2, '2023-06-06 19:51:48', '2023-06-06 19:51:48'),
(395, 'Komunikasyon at Pananaliksik Kulturang Pilipino', ' FILI  2111', 0, '0', '0', '0', '', '0', 0.00, 6, 6, 1, '2023-06-06 19:53:05', '2023-06-06 19:53:05'),
(396, '21st Century Literature from the Philippines and the World', 'ENGL    2121', 0, '', '', '', 'f2f', '', 0.00, 5, 5, 2, '2023-06-06 19:53:23', '2023-06-06 19:53:23'),
(397, 'Oral Communication in COntext', '  ENGL  2111 ', 0, '', '', '', '', '', 0.00, 8, 5, 1, '2023-06-06 19:54:06', '2023-06-06 19:54:06'),
(398, 'Physical Education and Health', 'PEDH     2112', 0, '', '', '', 'f2f', '', 0.00, 5, 5, 2, '2023-06-06 19:54:13', '2023-06-06 19:54:13'),
(399, 'Homeroom', 'HMRM      2112', 0, '', '', '', 'f2f', '', 0.00, 5, 5, 2, '2023-06-06 19:54:42', '2023-06-06 19:54:42'),
(400, 'Understanding Society, Culture Politics', ' UCSP  2111 ', 0, '', '', '', '', '', 0.00, 8, 5, 1, '2023-06-06 19:54:48', '2023-06-06 19:54:48'),
(401, 'Earth Science', 'ESCI 2111', 0, '', '', '', '', '', 0.00, 8, 5, 1, '2023-06-06 19:55:11', '2023-06-06 19:55:11'),
(403, 'Practical Research 1 ', 'RSCH         2111', 0, '', '', '', 'f2f', '', 0.00, 5, 5, 2, '2023-06-06 19:55:25', '2023-06-06 19:55:25'),
(404, 'Introduction to the Philosophy of the Human Person/ Pambungad sa Pilosopiya ng Tao', ' PHIL  2121', 0, '', '', '', '', '', 0.00, 8, 5, 1, '2023-06-06 19:56:12', '2023-06-06 19:56:12'),
(405, 'General Mathematics', ' GMAT   2111 ', 0, '', '', '', '', '', 0.00, 8, 5, 1, '2023-06-06 19:57:41', '2023-06-06 19:57:41'),
(406, 'Trends, Networks and Critical Thinking in the 21st Century Culture', 'HUMSS    2125', 0, '', '', '', 'f2f', '', 0.00, 5, 5, 2, '2023-06-06 19:57:48', '2023-06-06 19:57:48'),
(407, 'Physical Education and Health', '  PEDH 2111', 0, '', '', '', '', '', 0.00, 8, 5, 1, '2023-06-06 19:58:05', '2023-06-06 19:58:05'),
(408, 'Homeroom', '  HMRM 2111          ', 0, '', '', '', '', '', 0.00, 8, 5, 1, '2023-06-06 19:59:34', '2023-06-06 19:59:34'),
(409, 'Disciplines and Ideas in the Social Sciene ', 'HUMSS      2112', 0, '', '', '', 'f2f', '', 0.00, 5, 5, 2, '2023-06-06 19:59:59', '2023-06-06 19:59:59'),
(410, 'English for Academic and Professional Purposes', '   EAPP 2111', 0, '', '', '', '', '', 0.00, 8, 5, 1, '2023-06-06 20:00:22', '2023-06-06 20:00:22'),
(411, 'Philippine Politics and Governance', 'HUMSS     2124', 0, '', '', '', 'f2f', '', 0.00, 5, 5, 2, '2023-06-06 20:01:42', '2023-06-06 20:01:42'),
(412, 'Empowerment Technologies (E-Tech) ICT for Professional Tracks', ' ICT  2112', 0, '', '', '', '', '', 0.00, 8, 5, 1, '2023-06-06 20:01:45', '2023-06-06 20:01:45'),
(413, 'Pre-Calculus', 'PREC 2111', 0, '', '', '', '', '', 0.00, 8, 5, 1, '2023-06-06 20:02:01', '2023-06-06 20:02:01'),
(414, 'Personal Development', 'P DEV 2111', 0, '', '', '', '', '', 0.00, 10, 6, 1, '2023-06-06 20:02:16', '2023-06-06 20:02:16'),
(415, 'Media and Information Literacy', 'M EIL 2122', 0, '', '', '', '', '', 0.00, 10, 6, 1, '2023-06-06 20:02:54', '2023-06-06 20:02:54'),
(416, 'Physical Education and Health', 'P EDH 2121', 0, '', '', '', '', '', 0.00, 10, 6, 1, '2023-06-06 20:03:30', '2023-06-06 20:03:30'),
(417, 'Kumunikasyon at Pananaliksik sa Wika at Kulturang Pilipino', 'FILI    2111', 0, '', '', '', 'f2f', '', 0.00, 5, 6, 1, '2023-06-06 20:03:37', '2023-06-06 20:03:37'),
(418, 'Homeroom', 'H MRM 2121', 0, '', '', '', '', '', 0.00, 10, 6, 1, '2023-06-06 20:04:02', '2023-06-06 20:04:02'),
(419, 'Personal Development/Pansariling Kaunlaran', ' PDEV  2111', 0, '0', '0', '0', '', '0', 0.00, 6, 6, 1, '2023-06-06 20:04:03', '2023-06-06 20:04:03'),
(420, 'Personal Development', 'PDEV    2111', 0, '', '', '', 'f2f', '', 0.00, 5, 6, 1, '2023-06-06 20:04:14', '2023-06-06 20:04:14'),
(421, 'Practical Research 2', 'R SCH 2120', 0, '', '', '', '', '', 0.00, 10, 6, 1, '2023-06-06 20:04:32', '2023-06-06 20:04:32'),
(422, 'Media and Information', 'MEIL    2122', 0, '', '', '', 'f2f', '', 0.00, 5, 6, 1, '2023-06-06 20:04:52', '2023-06-06 20:04:52'),
(423, 'Physical Education and Health', 'PEDH       2121', 0, '', '', '', 'f2f', '', 0.00, 5, 6, 1, '2023-06-06 20:05:31', '2023-06-06 20:05:31'),
(424, 'Media and Information Literary', ' MEIL  2122', 0, '0', '0', '0', '', '0', 0.00, 6, 6, 1, '2023-06-06 20:05:45', '2023-06-06 20:05:45'),
(425, 'Homeroom', 'HMRM       2121', 0, '', '', '', 'f2f', '', 0.00, 5, 6, 1, '2023-06-06 20:06:14', '2023-06-06 20:06:14'),
(426, 'Pagsulat sa Filipino sa Plining LarangaN (Tech-Voc)', 'F ILI 2121B', 0, '', '', '', '', '', 0.00, 10, 6, 1, '2023-06-06 20:06:29', '2023-06-06 20:06:29'),
(427, 'Physical Education and Health', ' PEDH  2121', 0, '0', '0', '0', '', '0', 0.00, 6, 6, 1, '2023-06-06 20:06:43', '2023-06-06 20:06:43'),
(428, 'Practical Research 2', 'PSCH    2120', 0, '', '', '', 'f2f', '', 0.00, 5, 6, 1, '2023-06-06 20:06:59', '2023-06-06 20:06:59'),
(429, 'Programming (Java) NCIII Part 2', 'PROG 3112', 0, '', '', '', '', '', 0.00, 10, 6, 1, '2023-06-06 20:07:15', '2023-06-06 20:07:15'),
(430, 'Homeroom', ' HMRM  2121', 0, '0', '0', '0', '', '0', 0.00, 6, 6, 1, '2023-06-06 20:07:41', '2023-06-06 20:07:41'),
(431, 'Programming (Oracle Database ) NCIII Part 1', 'PROG 3113', 0, '', '', '', '', '', 0.00, 10, 6, 1, '2023-06-06 20:08:05', '2023-06-06 20:08:05'),
(432, 'Pagsusulat sa Filipino sa Piling ng  Larangan (Akademik)', ' FILI    2121', 0, '', '', '', 'f2f', '', 0.00, 5, 6, 1, '2023-06-06 20:08:48', '2023-06-06 20:08:48'),
(433, 'Disaster Readiness and Risk Reduction', ' DIRR  2112', 0, '0', '0', '0', '', '0', 0.00, 6, 6, 1, '2023-06-06 20:09:47', '2023-06-06 20:09:47'),
(434, 'Creative Writing/Malikhaing Pagsulat', 'HUMSS   2121', 0, '', '', '', 'f2f', '', 0.00, 5, 6, 1, '2023-06-06 20:10:33', '2023-06-06 20:10:33'),
(435, 'Pagbasa at Pagsusuri ng Iba\'t Ibang Teksto Tungo sa Pananaliksik', 'F ILI 2112', 0, '', '', '', '', '', 0.00, 10, 6, 2, '2023-06-06 20:10:45', '2023-06-06 20:10:45'),
(436, 'Contemporary Philippine Arts from the Regions', 'C PAR 2122', 0, '', '', '', '', '', 0.00, 10, 6, 2, '2023-06-06 20:11:32', '2023-06-06 20:11:32'),
(437, 'Physical Education and Health', 'P EDH 2122', 0, '', '', '', '', '', 0.00, 10, 6, 2, '2023-06-06 20:12:14', '2023-06-06 20:12:14'),
(438, 'Disciplines and Ideas in the Applied Social Science ', 'HUMSS    2122', 0, '', '', '', 'f2f', '', 0.00, 5, 6, 1, '2023-06-06 20:12:20', '2023-06-06 20:12:20'),
(439, 'Homeroom', 'H M RM', 0, '', '', '', '', '', 0.00, 10, 6, 2, '2023-06-06 20:12:35', '2023-06-06 20:12:35'),
(440, 'Entrepreneurship', 'E NTR 2122', 0, '', '', '', '', '', 0.00, 10, 6, 2, '2023-06-06 20:13:04', '2023-06-06 20:13:04'),
(441, 'Inquiry, Investigation and Immersion', 'R SCH 2122', 0, '', '', '', '', '', 0.00, 10, 6, 2, '2023-06-06 20:13:36', '2023-06-06 20:13:36'),
(442, 'Pagbasa at Pagsusuri ng Iba\'t ibang Teksto Tungo sa Pananaliksik', 'FILI   2112', 0, '', '', '', 'f2f', '', 0.00, 5, 6, 2, '2023-06-06 20:14:04', '2023-06-06 20:14:04'),
(443, 'Programming (Oracle database) NCIII Part 2', 'P ROG 3114', 0, '', '', '', '', '', 0.00, 10, 6, 2, '2023-06-06 20:14:34', '2023-06-06 20:14:34'),
(445, 'Work Immersion', 'ICT 2300', 0, '', '', '', '', '', 0.00, 10, 6, 2, '2023-06-06 20:14:51', '2023-06-06 20:14:51'),
(446, 'Contemporary Philippines Arts from the Regions', 'CPAR   2122', 0, '', '', '', 'f2f', '', 0.00, 5, 6, 2, '2023-06-06 20:15:00', '2023-06-06 20:15:00'),
(447, 'Physical Education and Health', 'PEDH    2122', 0, '', '', '', 'f2f', '', 0.00, 5, 6, 2, '2023-06-06 20:16:13', '2023-06-06 20:16:13'),
(448, 'Homeroom', 'HMRM      2122', 0, '', '', '', 'f2f', '', 0.00, 5, 6, 2, '2023-06-06 20:16:48', '2023-06-06 20:16:48'),
(449, 'Entreprenuership', 'ENTR   2122', 0, '', '', '', 'f2f', '', 0.00, 5, 6, 2, '2023-06-06 20:17:47', '2023-06-06 20:17:47'),
(450, 'Inquiries, Investigations and Immersion', 'RSCH   2122', 0, '', '', '', 'f2f', '', 0.00, 5, 6, 2, '2023-06-06 20:18:41', '2023-06-06 20:18:41'),
(451, 'Creative Nonfiction; The Literary Essay', 'HUMSS    2123', 0, '', '', '', 'f2f', '', 0.00, 5, 6, 2, '2023-06-06 20:19:46', '2023-06-06 20:19:46'),
(452, 'Community Engagement, Solidarity and Citizenship', 'HUMSS  2126', 0, '', '', '', 'f2f', '', 0.00, 5, 6, 2, '2023-06-06 20:20:50', '2023-06-06 20:20:50'),
(453, 'Work Immersion', 'HUMSS   2300', 0, '', '', '', 'f2f', '', 0.00, 5, 6, 2, '2023-06-06 20:21:20', '2023-06-06 20:21:20'),
(454, 'Pagbasa at Pagsusuri ng Ibat Ibang Teksto Tungo sa Pananliksik', 'FILI  2122', 0, '0', '0', '0', '', '0', 0.00, 6, 6, 2, '2023-06-06 20:26:18', '2023-06-06 20:26:18'),
(455, 'Contemparary Philippine Arts from the Regions ', ' CPAR   2122', 0, '0', '0', '0', '', '0', 0.00, 6, 6, 2, '2023-06-06 20:29:14', '2023-06-06 20:29:14'),
(456, 'Oral COmmunication', 'ENGLISH 2101', 3, 'MWF', '8:00-9:00', '1', '', 'Jay Magistrado', 175.00, 8, 5, 1, '2023-06-09 23:50:06', '2023-06-09 23:50:06'),
(457, 'AD', '343', 3, 'Mon', '8:00 - 11:00', '3', '', '', 320.00, 1, 1, 1, '2023-06-10 00:12:27', '2023-06-10 00:12:50');

-- --------------------------------------------------------

--
-- Table structure for table `users`
--

CREATE TABLE `users` (
  `id` bigint(20) UNSIGNED NOT NULL,
  `usn` bigint(20) DEFAULT NULL,
  `first_name` varchar(255) COLLATE utf8mb4_unicode_ci NOT NULL,
  `last_name` varchar(255) COLLATE utf8mb4_unicode_ci NOT NULL,
  `middle_name` varchar(255) COLLATE utf8mb4_unicode_ci DEFAULT NULL,
  `last_school` varchar(255) COLLATE utf8mb4_unicode_ci DEFAULT NULL,
  `sex` varchar(255) COLLATE utf8mb4_unicode_ci DEFAULT NULL,
  `status` varchar(255) COLLATE utf8mb4_unicode_ci DEFAULT NULL,
  `address` varchar(255) COLLATE utf8mb4_unicode_ci DEFAULT NULL,
  `age` varchar(255) COLLATE utf8mb4_unicode_ci DEFAULT NULL,
  `birthday` varchar(255) COLLATE utf8mb4_unicode_ci DEFAULT NULL,
  `username` varchar(255) COLLATE utf8mb4_unicode_ci NOT NULL,
  `password` varchar(255) COLLATE utf8mb4_unicode_ci NOT NULL,
  `role` varchar(255) COLLATE utf8mb4_unicode_ci NOT NULL DEFAULT '0',
  `remember_token` varchar(100) COLLATE utf8mb4_unicode_ci DEFAULT NULL,
  `created_at` timestamp NULL DEFAULT NULL,
  `updated_at` timestamp NULL DEFAULT NULL
) ENGINE=InnoDB DEFAULT CHARSET=utf8mb4 COLLATE=utf8mb4_unicode_ci;

--
-- Dumping data for table `users`
--

INSERT INTO `users` (`id`, `usn`, `first_name`, `last_name`, `middle_name`, `last_school`, `sex`, `status`, `address`, `age`, `birthday`, `username`, `password`, `role`, `remember_token`, `created_at`, `updated_at`) VALUES
(33, NULL, 'kenny', 'erasga', NULL, NULL, NULL, NULL, NULL, NULL, NULL, 'admin', '$2y$10$UuMbCp1susQ0RZpQvt4sluLSSOKhkAeev6hgTA2ZsOwK.Sj4ESCSS', '1', NULL, '2023-06-13 22:41:15', '2023-06-13 22:41:15'),
(36, NULL, 'raol', 'bvgf', NULL, 'sgrtrtr (gtre)', 'male', 'dgde', 'fghthyt', '66', 'dfghdgher', 'raol', '$2y$10$4itrFXoLYggu3FGt5gtZr.lsVTk68cQ0.f0muYq8/njYy.x6sbJHi', '0', NULL, '2023-06-14 00:14:51', '2023-06-14 00:14:51'),
(38, 220006444, 'Ma. Eliza Filipina P.', 'Beldad', NULL, NULL, NULL, NULL, NULL, NULL, NULL, '220006444', '$2y$10$L4DhNfPl9j7YnwPGSO6o3.Nm3yYdhH5YX1Nby/yVyAfPKFjmtTwQi', '0', NULL, '2023-06-14 02:30:18', '2023-06-14 02:30:18'),
(39, NULL, 'jeff', 'fgdr', 'dfgdr', 'dfgd (dfgfd)', 'male', 'dfgdf', 'cfgdfgh', '67', 'dfgdr', 'jeff', '$2y$10$x9iluPDJqKBmM9Nvkqpnue9RdUmQEjWCqvaO.w4DDAw./7et5sbvm', '0', NULL, '2023-06-14 02:37:32', '2023-06-14 02:37:32'),
(40, NULL, 'dhdgr', 'sfg', 'dsfgerg', 'zeferino arroyo high school (zahs)', 'male', 'sdfgsgf', 'sdgrwgerwg', '55', 'dsfgfgr', 'biboys', '$2y$10$0H0tzdu0ejLasrr4AlWsBunRZY4c8kY2bLwrIbhE3YJeNMIRASL3G', '0', NULL, '2023-06-24 21:38:40', '2023-06-24 21:38:40'),
(41, NULL, 'srgtregt', 'erter', 'srgrew', 'sfewfeew (wefew)', 'male', 'sef', 'asdfewfrew', '5', 'rgergr', 'biboyss', '$2y$10$LNEsOv8F9dFJbs0e81AxOeRf47Ixwruspt9ppE16X210HQhvGoAYi', '0', NULL, '2023-06-24 21:39:58', '2023-06-24 21:39:58'),
(42, NULL, 'raol', 'panga', 'utok', 'xseefrino arroto hofh school (xahs)', 'male', 'single', 'sam juan bOO camarinse dsor', '21', 'october 7, 3001', 'panga', '$2y$10$kfaUYN9iLGVxt1ne12Jq2.w4YP/N9hXm7kDrjSpm67bNZGFAtBqcS', '0', NULL, '2023-07-03 18:44:51', '2023-07-03 18:44:51');

-- --------------------------------------------------------

--
-- Table structure for table `usn_lists`
--

CREATE TABLE `usn_lists` (
  `id` bigint(20) UNSIGNED NOT NULL,
  `usn` bigint(20) NOT NULL,
  `fname` varchar(255) COLLATE utf8mb4_unicode_ci NOT NULL,
  `lname` varchar(255) COLLATE utf8mb4_unicode_ci NOT NULL
) ENGINE=InnoDB DEFAULT CHARSET=utf8mb4 COLLATE=utf8mb4_unicode_ci;

--
-- Dumping data for table `usn_lists`
--

INSERT INTO `usn_lists` (`id`, `usn`, `fname`, `lname`) VALUES
(1, 22000644400, 'Ma. Eliza Filipina P.', 'Beldad'),
(2, 22001046900, 'Romelda L.', 'Daet'),
(3, 18004097800, 'Julie LL.', 'Gueruela'),
(4, 20002672000, 'Fritz Gerard S.', 'Olaso'),
(5, 22000768200, 'Ronelyn A.', 'Presentacion'),
(6, 22000644900, 'Princess Mae G.', 'Quiaño'),
(7, 22001074100, 'Gerald B.', 'Sabinorio'),
(8, 21000475700, 'Julie Ann', 'Aquino'),
(9, 19003315000, 'Rizaline', 'Bonilla'),
(10, 19003867400, 'April Anne ', 'Cadag'),
(11, 19001038500, 'Joselyn', 'Castroverde'),
(12, 18004095000, 'Mark Anthony', 'Corong'),
(13, 21000466100, 'John Michael', 'De Villa'),
(14, 19000991600, 'Mark Luigie', 'Espiritu'),
(15, 21000475900, 'Maria', 'Lorzano'),
(16, 21000827900, 'Flordeliza', 'Manaog'),
(17, 21000475320, 'Melissa', 'Morada'),
(18, 21000425100, 'Salvacion', 'Penilla'),
(19, 21000633300, 'Jericho', 'Rafael'),
(20, 19004378000, 'Sweet Honeylet', 'Ramos'),
(21, 19003188600, 'Brian', 'Rebancos'),
(22, 21000633400, 'Gelie', 'Veras'),
(23, 22001230600, 'Yuri P.', 'Adesas'),
(24, 20001966800, 'Mark Anthony P.', 'Ampongan'),
(25, 20002228400, 'Angelo Sandel S.', 'Baesa'),
(26, 22001073700, 'Apollo Jr. S.', 'Barela'),
(27, 22000648100, 'John Rey E.', 'Bongcayao'),
(28, 20001968600, 'John Roy B.', 'Bricenio'),
(29, 22000769100, 'John Gabriel', 'Corvera'),
(30, 20002336300, 'Marl Angelo T.', 'Doroteo'),
(31, 22000964100, 'Nylavoj M.', 'Enriquez'),
(32, 20001967900, 'Leighmae Ciedel F.', 'Estadilla'),
(33, 20001967500, 'Michael James I.', 'Evallar'),
(34, 22000895900, 'Sean Glenn S.', 'Macapagat'),
(35, 20001968500, 'John Paul T.', 'Magayanes'),
(36, 22000773600, 'Mark Christian L.', 'Manaog'),
(37, 22000645200, 'Sunshine M.', 'Muñoz'),
(38, 20001968800, 'Julius P.', 'Nava'),
(39, 22001107200, 'Trixie Ann B.', 'Ofalsa'),
(40, 20002048600, 'Resabel C', 'Olaso'),
(41, 18004103400, 'Goldi Adrienne L.', 'Parro'),
(42, 22000952300, 'Jenecel N.', 'Paz'),
(43, 22000644900, 'Lyka Mhay M.', 'Quiaño'),
(44, 22000991800, 'Ronnil B.', 'Rodilas'),
(45, 20001996000, 'Princess Angel', 'Sedilla'),
(46, 22000646400, 'Carl Sivan B.', 'Tibi'),
(47, 20002045000, 'John Anthony N.', 'Turiano'),
(48, 20001999500, 'John Razel B.', 'Villar');

-- --------------------------------------------------------

--
-- Table structure for table `yearlevels`
--

CREATE TABLE `yearlevels` (
  `id` bigint(20) UNSIGNED NOT NULL,
  `level` varchar(255) COLLATE utf8mb4_unicode_ci NOT NULL,
  `created_at` timestamp NULL DEFAULT NULL,
  `updated_at` timestamp NULL DEFAULT NULL
) ENGINE=InnoDB DEFAULT CHARSET=utf8mb4 COLLATE=utf8mb4_unicode_ci;

--
-- Dumping data for table `yearlevels`
--

INSERT INTO `yearlevels` (`id`, `level`, `created_at`, `updated_at`) VALUES
(1, '1st', NULL, NULL),
(2, '2nd', NULL, NULL),
(3, '3rd', NULL, NULL),
(4, '4th', NULL, NULL),
(5, 'Grade 11', NULL, NULL),
(6, 'Grade 12', NULL, NULL);

--
-- Indexes for dumped tables
--

--
-- Indexes for table `courses`
--
ALTER TABLE `courses`
  ADD PRIMARY KEY (`id`);

--
-- Indexes for table `failed_jobs`
--
ALTER TABLE `failed_jobs`
  ADD PRIMARY KEY (`id`),
  ADD UNIQUE KEY `failed_jobs_uuid_unique` (`uuid`);

--
-- Indexes for table `fill_ups`
--
ALTER TABLE `fill_ups`
  ADD PRIMARY KEY (`id`);

--
-- Indexes for table `migrations`
--
ALTER TABLE `migrations`
  ADD PRIMARY KEY (`id`);

--
-- Indexes for table `password_reset_tokens`
--
ALTER TABLE `password_reset_tokens`
  ADD PRIMARY KEY (`email`);

--
-- Indexes for table `personal_access_tokens`
--
ALTER TABLE `personal_access_tokens`
  ADD PRIMARY KEY (`id`),
  ADD UNIQUE KEY `personal_access_tokens_token_unique` (`token`),
  ADD KEY `personal_access_tokens_tokenable_type_tokenable_id_index` (`tokenable_type`,`tokenable_id`);

--
-- Indexes for table `semesters`
--
ALTER TABLE `semesters`
  ADD PRIMARY KEY (`id`);

--
-- Indexes for table `studentinfos`
--
ALTER TABLE `studentinfos`
  ADD PRIMARY KEY (`id`);

--
-- Indexes for table `student_subjects`
--
ALTER TABLE `student_subjects`
  ADD PRIMARY KEY (`id`);

--
-- Indexes for table `subjects`
--
ALTER TABLE `subjects`
  ADD PRIMARY KEY (`id`);

--
-- Indexes for table `users`
--
ALTER TABLE `users`
  ADD PRIMARY KEY (`id`),
  ADD UNIQUE KEY `users_username_unique` (`username`),
  ADD UNIQUE KEY `users_password_unique` (`password`);

--
-- Indexes for table `usn_lists`
--
ALTER TABLE `usn_lists`
  ADD PRIMARY KEY (`id`);

--
-- Indexes for table `yearlevels`
--
ALTER TABLE `yearlevels`
  ADD PRIMARY KEY (`id`);

--
-- AUTO_INCREMENT for dumped tables
--

--
-- AUTO_INCREMENT for table `courses`
--
ALTER TABLE `courses`
  MODIFY `id` bigint(20) UNSIGNED NOT NULL AUTO_INCREMENT, AUTO_INCREMENT=11;

--
-- AUTO_INCREMENT for table `failed_jobs`
--
ALTER TABLE `failed_jobs`
  MODIFY `id` bigint(20) UNSIGNED NOT NULL AUTO_INCREMENT;

--
-- AUTO_INCREMENT for table `fill_ups`
--
ALTER TABLE `fill_ups`
  MODIFY `id` bigint(20) UNSIGNED NOT NULL AUTO_INCREMENT, AUTO_INCREMENT=4;

--
-- AUTO_INCREMENT for table `migrations`
--
ALTER TABLE `migrations`
  MODIFY `id` int(10) UNSIGNED NOT NULL AUTO_INCREMENT, AUTO_INCREMENT=48;

--
-- AUTO_INCREMENT for table `personal_access_tokens`
--
ALTER TABLE `personal_access_tokens`
  MODIFY `id` bigint(20) UNSIGNED NOT NULL AUTO_INCREMENT;

--
-- AUTO_INCREMENT for table `semesters`
--
ALTER TABLE `semesters`
  MODIFY `id` bigint(20) UNSIGNED NOT NULL AUTO_INCREMENT, AUTO_INCREMENT=3;

--
-- AUTO_INCREMENT for table `studentinfos`
--
ALTER TABLE `studentinfos`
  MODIFY `id` bigint(20) UNSIGNED NOT NULL AUTO_INCREMENT, AUTO_INCREMENT=1150;

--
-- AUTO_INCREMENT for table `student_subjects`
--
ALTER TABLE `student_subjects`
  MODIFY `id` bigint(20) UNSIGNED NOT NULL AUTO_INCREMENT, AUTO_INCREMENT=1228;

--
-- AUTO_INCREMENT for table `subjects`
--
ALTER TABLE `subjects`
  MODIFY `id` bigint(20) UNSIGNED NOT NULL AUTO_INCREMENT, AUTO_INCREMENT=458;

--
-- AUTO_INCREMENT for table `users`
--
ALTER TABLE `users`
  MODIFY `id` bigint(20) UNSIGNED NOT NULL AUTO_INCREMENT, AUTO_INCREMENT=43;

--
-- AUTO_INCREMENT for table `usn_lists`
--
ALTER TABLE `usn_lists`
  MODIFY `id` bigint(20) UNSIGNED NOT NULL AUTO_INCREMENT, AUTO_INCREMENT=49;

--
-- AUTO_INCREMENT for table `yearlevels`
--
ALTER TABLE `yearlevels`
  MODIFY `id` bigint(20) UNSIGNED NOT NULL AUTO_INCREMENT, AUTO_INCREMENT=7;
COMMIT;

/*!40101 SET CHARACTER_SET_CLIENT=@OLD_CHARACTER_SET_CLIENT */;
/*!40101 SET CHARACTER_SET_RESULTS=@OLD_CHARACTER_SET_RESULTS */;
/*!40101 SET COLLATION_CONNECTION=@OLD_COLLATION_CONNECTION */;
